Country,League,Season,Date,Time,Home,Away,HG,AG,Res,PSCH,PSCD,PSCA,MaxCH,MaxCD,MaxCA,AvgCH,AvgCD,AvgCA,BFECH,BFECD,BFECA,B365CH,B365CD,B365CA
Sweden,Allsvenskan,2024,13/07/2024,14:00,Mjallby,Malmo FF,2,1,H,4.84,4.06,1.71,5.1,4.36,1.72,4.78,4.07,1.65,5.4,4.2,1.72,,,
Sweden,Allsvenskan,2024,13/07/2024,16:30,Sirius,GAIS,3,1,H,2.17,3.72,3.28,2.2,3.75,3.4,2.1,3.62,3.24,2.18,3.8,3.5,,,
Sweden,Allsvenskan,2024,14/07/2024,13:00,Djurgarden,Varnamo,1,0,H,1.51,4.59,6.37,1.53,4.7,6.5,1.49,4.42,6.03,1.53,4.8,7,,,
Sweden,Allsvenskan,2024,14/07/2024,15:30,Hacken,Elfsborg,3,5,A,1.99,3.95,3.57,2,4.1,3.69,1.91,3.92,3.53,2.02,4.1,3.75,,,
Sweden,Allsvenskan,2024,14/07/2024,15:30,Kalmar,Brommapojkarna,0,1,A,2.58,3.65,2.69,2.6,3.75,2.73,2.53,3.57,2.6,2.62,3.85,2.78,,,
Sweden,Allsvenskan,2024,14/07/2024,15:30,Vasteras SK,Norrkoping,2,1,H,1.68,4.22,4.88,1.73,4.3,4.9,1.66,4.12,4.62,1.72,4.3,5.1,,,
Sweden,Allsvenskan,2024,15/07/2024,18:00,Halmstad,AIK,1,2,A,3.95,4,1.88,3.95,4,1.93,3.8,3.85,1.86,4.2,4.1,1.91,,,
Sweden,Allsvenskan,2024,15/07/2024,18:00,Hammarby,Goteborg,0,1,A,2.06,3.83,3.49,2.07,3.9,3.63,1.99,3.73,3.46,2.12,3.9,3.6,,,
Sweden,Allsvenskan,2024,19/07/2024,18:00,Sirius,Malmo FF,3,4,A,6.05,4.78,1.51,6.05,4.78,1.56,5.76,4.63,1.49,6.6,4.9,1.54,,,
Sweden,Allsvenskan,2024,20/07/2024,14:00,Kalmar,Djurgarden,2,1,H,4.27,3.79,1.86,4.5,3.82,1.9,4.19,3.69,1.82,4.5,3.9,1.9,,,
Sweden,Allsvenskan,2024,20/07/2024,14:00,Varnamo,Hacken,2,2,D,2.83,3.89,2.37,3,3.9,2.39,2.82,3.76,2.28,2.92,3.95,2.44,,,
Sweden,Allsvenskan,2024,20/07/2024,16:30,Brommapojkarna,Hammarby,0,2,A,2.16,3.88,3.2,2.22,3.98,3.2,2.12,3.79,3.08,2.22,4,3.3,,,
Sweden,Allsvenskan,2024,21/07/2024,13:00,Norrkoping,Halmstad,1,0,H,1.87,3.94,4.04,1.92,4,4.04,1.86,3.84,3.84,1.93,4,4.2,,,
Sweden,Allsvenskan,2024,21/07/2024,15:30,Elfsborg,Mjallby,3,1,H,1.83,3.79,4.47,1.98,3.9,4.47,1.83,3.74,4.07,1.87,3.9,4.7,,,
Sweden,Allsvenskan,2024,21/07/2024,15:30,Goteborg,Vasteras SK,1,1,D,2.04,3.78,3.59,2.21,3.8,3.66,2.04,3.64,3.39,2.04,3.9,3.8,,,
Sweden,Allsvenskan,2024,22/07/2024,18:00,GAIS,AIK,2,0,H,2.77,3.69,2.49,2.78,3.69,2.49,2.7,3.56,2.44,2.84,3.7,2.6,,,
Sweden,Allsvenskan,2024,27/07/2024,14:00,Norrkoping,Kalmar,2,0,H,2.38,3.69,2.93,2.42,3.7,2.95,2.33,3.55,2.86,2.46,3.65,3.05,,,
Sweden,Allsvenskan,2024,27/07/2024,16:30,Goteborg,Brommapojkarna,3,4,A,2.04,3.69,3.66,2.1,3.75,3.71,1.99,3.64,3.52,2.08,3.8,3.75,,,
Sweden,Allsvenskan,2024,27/07/2024,16:30,Malmo FF,Sirius,0,1,A,1.27,6.45,9.75,1.3,6.5,10,1.27,6.03,9.1,1.29,6.8,11.5,,,
Sweden,Allsvenskan,2024,27/07/2024,19:00,Halmstad,Varnamo,1,0,H,3.5,3.21,2.29,3.51,3.4,2.31,3.34,3.2,2.23,3.55,3.35,2.34,,,
Sweden,Allsvenskan,2024,28/07/2024,15:30,Elfsborg,Djurgarden,1,2,A,2.17,3.57,3.42,2.19,3.7,3.42,2.12,3.53,3.27,2.2,3.65,3.55,,,
Sweden,Allsvenskan,2024,28/07/2024,15:30,Hacken,Vasteras SK,4,0,H,1.55,4.95,5.25,1.57,5,5.4,1.53,4.79,4.99,1.57,5.1,5.7,,,
Sweden,Allsvenskan,2024,28/07/2024,15:30,Hammarby,Mjallby,3,0,H,2.11,3.76,3.39,2.17,3.78,3.39,2.1,3.66,3.22,2.2,3.75,3.55,,,
Sweden,Allsvenskan,2024,29/07/2024,18:00,AIK,GAIS,0,1,A,1.93,3.84,3.71,2,3.97,4.15,1.91,3.76,3.69,1.98,4,4,,,
Sweden,Allsvenskan,2024,03/08/2024,14:00,GAIS,Norrkoping,0,1,A,1.76,3.88,4.78,1.8,4.1,4.83,1.75,3.81,4.41,1.81,3.95,4.9,,,
Sweden,Allsvenskan,2024,03/08/2024,14:00,Vasteras SK,AIK,1,2,A,3.06,3.46,2.4,3.1,3.65,2.45,2.85,3.46,2.37,3.05,3.65,2.46,,,
Sweden,Allsvenskan,2024,03/08/2024,16:30,Brommapojkarna,Halmstad,4,1,H,1.54,4.35,6.33,1.56,4.5,6.35,1.53,4.26,5.86,1.58,4.5,6.6,,,
Sweden,Allsvenskan,2024,04/08/2024,13:00,Djurgarden,Goteborg,1,1,D,1.71,4.01,4.9,1.72,4.2,5.6,1.64,3.98,5.02,1.7,4.2,5.6,,,
Sweden,Allsvenskan,2024,04/08/2024,13:00,Varnamo,Sirius,2,4,A,2.37,3.64,2.97,2.47,3.65,3.14,2.34,3.48,2.89,2.5,3.65,3.05,,,
Sweden,Allsvenskan,2024,04/08/2024,15:30,Kalmar,Hammarby,1,4,A,3.33,3.64,2.18,3.75,3.66,2.25,3.24,3.53,2.14,3.4,3.7,2.26,,,
Sweden,Allsvenskan,2024,10/08/2024,14:00,Halmstad,Malmo FF,0,1,A,9.28,5.47,1.34,10,5.6,1.37,8.58,5.2,1.33,10.5,5.7,1.36,,,
Sweden,Allsvenskan,2024,10/08/2024,14:00,Norrkoping,Vasteras SK,2,1,H,2.73,3.6,2.57,2.78,3.65,2.66,2.64,3.5,2.53,2.8,3.6,2.68,,,
Sweden,Allsvenskan,2024,10/08/2024,16:30,Goteborg,Varnamo,0,0,D,2.03,3.68,3.72,2.11,3.71,3.84,2.01,3.54,3.57,2.1,3.65,3.85,,,
Sweden,Allsvenskan,2024,11/08/2024,15:00,AIK,Mjallby,1,0,H,1.76,3.92,4.68,1.91,4,5.2,1.69,3.83,4.84,1.7,4.1,5.7,,,
Sweden,Allsvenskan,2024,11/08/2024,15:00,Elfsborg,GAIS,2,1,H,1.65,4.32,5.04,1.75,4.33,5.04,1.64,4.2,4.73,1.69,4.4,5.3,,,
Sweden,Allsvenskan,2024,11/08/2024,15:00,Sirius,Kalmar,3,1,H,1.71,4.12,4.8,1.73,4.35,5,1.68,4.03,4.63,1.77,4.1,5,,,
Sweden,Allsvenskan,2024,12/08/2024,18:00,Hammarby,Brommapojkarna,3,3,D,2.01,4.09,3.42,2.01,4.15,3.8,1.92,3.97,3.48,1.99,4.2,3.75,,,
Sweden,Allsvenskan,2024,17/08/2024,14:00,Goteborg,Sirius,1,1,D,2.34,3.75,2.94,2.35,3.75,3.2,2.26,3.61,2.95,2.38,3.7,3.15,,,
Sweden,Allsvenskan,2024,17/08/2024,14:00,Malmo FF,Norrkoping,2,1,H,1.38,5.47,7.49,1.42,5.47,7.95,1.37,5.19,7.17,1.4,5.8,8.4,,,
Sweden,Allsvenskan,2024,17/08/2024,14:00,Varnamo,Hammarby,0,3,A,2.87,3.37,2.58,2.87,3.5,2.58,2.76,3.37,2.49,2.88,3.5,2.66,,,
Sweden,Allsvenskan,2024,17/08/2024,16:30,Vasteras SK,Kalmar,2,1,H,1.78,3.84,4.7,1.78,4,4.7,1.74,3.86,4.48,1.8,4.1,4.7,,,
Sweden,Allsvenskan,2024,18/08/2024,13:00,Brommapojkarna,Hacken,1,3,A,2.92,4.05,2.25,2.93,4.2,2.33,2.83,3.93,2.22,2.98,4.1,2.32,,,
Sweden,Allsvenskan,2024,18/08/2024,13:00,Djurgarden,AIK,0,2,A,2.28,3.22,3.51,2.35,3.5,3.53,2.2,3.27,3.36,2.32,3.35,3.6,,,
Sweden,Allsvenskan,2024,18/08/2024,13:00,Mjallby,Elfsborg,1,1,D,2.89,3.42,2.54,2.93,3.5,2.58,2.81,3.33,2.48,2.96,3.5,2.62,,,
Sweden,Allsvenskan,2024,18/08/2024,15:30,GAIS,Halmstad,3,1,H,1.49,4.48,7.06,1.5,4.5,7.1,1.47,4.36,6.69,1.51,4.6,7.8,,,
Sweden,Allsvenskan,2024,24/08/2024,14:00,Kalmar,Malmo FF,2,2,D,5.56,4.46,1.58,6,4.7,1.59,5.68,4.33,1.53,6.4,4.7,1.57,,,
Sweden,Allsvenskan,2024,25/08/2024,13:00,Elfsborg,Goteborg,3,1,H,1.82,4,4.24,1.82,4.1,4.49,1.77,3.91,4.23,1.82,4.1,4.7,,,
Sweden,Allsvenskan,2024,25/08/2024,13:00,Sirius,Djurgarden,0,1,A,2.37,3.48,3.09,2.38,3.6,3.09,2.31,3.44,3,2.46,3.6,3.1,,,
Sweden,Allsvenskan,2024,25/08/2024,15:30,AIK,Brommapojkarna,2,1,H,1.77,4.11,4.38,1.8,4.12,4.6,1.75,3.94,4.29,1.78,4.2,4.7,,,
Sweden,Allsvenskan,2024,25/08/2024,15:30,Hacken,Varnamo,1,1,D,1.75,4.27,4.27,1.76,4.33,4.64,1.72,4.12,4.3,1.75,4.4,4.7,,,
Sweden,Allsvenskan,2024,26/08/2024,18:00,Halmstad,Vasteras SK,0,1,A,3.7,3.47,2.1,3.7,3.6,2.17,3.47,3.43,2.11,3.7,3.6,2.18,,,
Sweden,Allsvenskan,2024,26/08/2024,18:00,Hammarby,GAIS,0,0,D,1.81,4.06,4.22,1.81,4.15,4.3,1.77,3.96,4.15,1.83,4.2,4.5,,,
Sweden,Allsvenskan,2024,26/08/2024,18:00,Norrkoping,Mjallby,1,2,A,2.6,3.47,2.78,2.6,3.5,2.78,2.53,3.43,2.71,2.64,3.6,2.86,,,
Sweden,Allsvenskan,2024,31/08/2024,14:00,GAIS,Kalmar,1,1,D,1.83,3.8,4.44,1.85,3.95,4.5,1.79,3.72,4.3,1.88,3.95,4.6,,,
Sweden,Allsvenskan,2024,31/08/2024,14:00,Varnamo,AIK,0,1,A,4.08,3.4,2.02,4.08,3.5,2.06,3.8,3.37,2.01,4.2,3.45,2.08,,,
Sweden,Allsvenskan,2024,31/08/2024,16:30,Mjallby,Halmstad,3,1,H,1.53,4.36,6.37,1.54,4.36,6.51,1.51,4.19,6.25,1.56,4.4,7,,,
Sweden,Allsvenskan,2024,31/08/2024,16:30,Vasteras SK,Sirius,1,2,A,2.33,3.69,2.99,2.47,3.85,2.99,2.35,3.62,2.81,2.44,3.85,2.96,,,
Sweden,Allsvenskan,2024,01/09/2024,13:00,Brommapojkarna,Elfsborg,3,3,D,3.09,3.73,2.27,3.09,3.81,2.43,2.85,3.69,2.29,3.05,3.85,2.38,,,
Sweden,Allsvenskan,2024,01/09/2024,13:00,Malmo FF,Djurgarden,4,0,H,1.6,4.19,5.77,1.6,4.4,6,1.55,4.14,5.75,1.62,4.3,6.2,,,
Sweden,Allsvenskan,2024,01/09/2024,15:30,Goteborg,Hammarby,0,1,A,2.61,3.62,2.67,2.65,3.68,2.67,2.55,3.53,2.59,2.74,3.65,2.72,,,
Sweden,Allsvenskan,2024,01/09/2024,15:30,Norrkoping,Hacken,3,3,D,3.11,4.03,2.15,3.15,4.1,2.15,3.04,3.94,2.1,3.25,4.2,2.16,,,
Sweden,Allsvenskan,2024,14/09/2024,14:00,Vasteras SK,GAIS,2,3,A,2.2,3.66,3.27,2.21,3.67,3.4,2.15,3.56,3.2,2.24,3.75,3.4,,,
Sweden,Allsvenskan,2024,15/09/2024,13:00,AIK,Malmo FF,0,0,D,3.07,3.49,2.37,3.4,3.55,2.4,3.04,3.4,2.29,3.15,3.6,2.44,,,
Sweden,Allsvenskan,2024,15/09/2024,13:00,Djurgarden,Mjallby,1,1,D,1.76,3.72,5.03,1.78,3.86,5.03,1.72,3.72,4.79,1.78,4,5.2,,,
Sweden,Allsvenskan,2024,15/09/2024,13:00,Sirius,Brommapojkarna,3,2,H,1.87,4.06,3.81,2.06,4.13,3.81,1.93,3.95,3.47,1.99,4.3,3.7,,,
Sweden,Allsvenskan,2024,15/09/2024,15:30,Hacken,Goteborg,3,3,D,1.71,4.4,4.46,1.73,4.4,4.8,1.68,4.26,4.42,1.74,4.6,4.8,,,
Sweden,Allsvenskan,2024,15/09/2024,15:30,Halmstad,Elfsborg,0,1,A,9.3,5.62,1.33,10,5.7,1.38,9.1,5.25,1.32,10,5.7,1.37,,,
Sweden,Allsvenskan,2024,15/09/2024,15:30,Kalmar,Varnamo,3,1,H,2.75,3.39,2.67,2.75,3.4,2.85,2.65,3.3,2.65,2.8,3.45,2.78,,,
Sweden,Allsvenskan,2024,16/09/2024,18:10,Hammarby,Norrkoping,1,1,D,1.55,4.48,5.9,1.55,4.8,6.5,1.5,4.49,5.93,1.56,4.7,6.4,,,
Sweden,Allsvenskan,2024,18/09/2024,18:00,GAIS,Malmo FF,0,0,D,4.45,3.99,1.78,5,4.3,1.82,4.54,3.94,1.71,4.7,4,1.83,,,
Sweden,Allsvenskan,2024,19/09/2024,18:00,Elfsborg,Norrkoping,2,2,D,1.25,6.6,10.82,1.29,6.6,12,1.26,6.05,9.83,1.28,7,12,,,
Sweden,Allsvenskan,2024,19/09/2024,18:00,Hacken,Djurgarden,1,2,A,2.16,3.8,3.26,2.27,3.9,3.26,2.16,3.74,3.06,2.2,3.9,3.4,,,
Sweden,Allsvenskan,2024,21/09/2024,14:00,Kalmar,AIK,0,1,A,4.21,3.54,1.94,4.33,3.6,1.99,4.15,3.46,1.89,4.6,3.7,1.93,,,
Sweden,Allsvenskan,2024,21/09/2024,16:30,Brommapojkarna,Mjallby,0,0,D,2.4,3.72,2.87,2.48,3.75,2.88,2.39,3.63,2.75,2.54,3.8,2.86,,,
Sweden,Allsvenskan,2024,22/09/2024,13:00,Elfsborg,Hammarby,0,0,D,1.76,4.27,4.26,1.78,4.3,4.3,1.74,4.13,4.13,1.8,4.4,4.5,,,
Sweden,Allsvenskan,2024,22/09/2024,13:00,GAIS,Djurgarden,3,0,H,2.93,3.32,2.56,3,3.4,2.56,2.85,3.29,2.47,3.05,3.45,2.6,,,
Sweden,Allsvenskan,2024,22/09/2024,13:00,Varnamo,Vasteras SK,2,0,H,2.37,3.54,3.03,2.4,3.55,3.06,2.32,3.44,2.95,2.42,3.55,3.15,,,
Sweden,Allsvenskan,2024,22/09/2024,15:30,Malmo FF,Hacken,4,0,H,1.48,5.07,6.07,1.5,5.2,6.25,1.47,4.86,5.83,1.52,5.3,6.2,,,
Sweden,Allsvenskan,2024,23/09/2024,18:00,Goteborg,Halmstad,1,1,D,1.58,4.14,6.1,1.58,4.4,6.75,1.52,4.2,6.12,1.61,4.3,6.6,,,
Sweden,Allsvenskan,2024,25/09/2024,18:00,Djurgarden,Brommapojkarna,2,1,H,1.79,4.03,4.38,1.8,4.03,4.5,1.77,3.9,4.21,1.85,4.1,4.5,,,
Sweden,Allsvenskan,2024,25/09/2024,18:00,Mjallby,Varnamo,1,1,D,2.16,3.41,3.61,2.2,3.5,3.9,2.11,3.33,3.51,2.2,3.45,3.75,,,
Sweden,Allsvenskan,2024,25/09/2024,18:00,Sirius,AIK,0,1,A,2.61,3.29,2.89,2.66,3.3,2.89,2.56,3.23,2.78,2.68,3.4,2.94,,,
Sweden,Allsvenskan,2024,26/09/2024,18:00,Halmstad,Kalmar,2,2,D,3.08,3.22,2.52,3.17,3.25,2.61,2.99,3.14,2.47,3.1,3.35,2.58,,,
Sweden,Allsvenskan,2024,26/09/2024,18:00,Hammarby,Hacken,2,0,H,2.15,4.06,3.1,2.2,4.06,3.11,2.13,3.89,3,2.2,4.2,3.2,,,
Sweden,Allsvenskan,2024,26/09/2024,18:00,Vasteras SK,Goteborg,1,1,D,2.02,3.86,3.57,2.04,3.86,3.68,1.98,3.68,3.56,2.08,3.85,3.7,,,
Sweden,Allsvenskan,2024,29/09/2024,13:00,AIK,Hammarby,1,0,H,2.14,3.18,3.95,2.2,3.25,3.95,2.12,3.14,3.71,2.2,3.2,4.1,,,
Sweden,Allsvenskan,2024,29/09/2024,13:00,Halmstad,Norrkoping,0,0,D,2.93,3.21,2.63,2.93,3.27,2.63,2.85,3.18,2.53,3,3.3,2.68,,,
Sweden,Allsvenskan,2024,29/09/2024,13:00,Varnamo,Djurgarden,1,1,D,3.28,3.37,2.32,3.35,3.5,2.32,3.18,3.32,2.25,3.4,3.45,2.36,,,
Sweden,Allsvenskan,2024,29/09/2024,15:30,Hacken,Sirius,2,0,H,1.8,4.29,4.05,1.82,4.3,4.11,1.78,4.14,3.94,1.82,4.3,4.3,,,
Sweden,Allsvenskan,2024,29/09/2024,15:30,Kalmar,Elfsborg,1,3,A,4.16,3.84,1.87,4.5,3.84,1.91,4.03,3.72,1.84,4.4,4,1.89,,,
Sweden,Allsvenskan,2024,29/09/2024,15:30,Malmo FF,Mjallby,2,0,H,1.56,4.42,5.83,1.61,4.42,6.25,1.56,4.21,5.49,1.61,4.5,6.2,,,
Sweden,Allsvenskan,2024,30/09/2024,18:00,Brommapojkarna,Vasteras SK,2,1,H,2.27,3.93,2.95,2.31,4,3,2.24,3.82,2.87,2.34,4,3,,,
Sweden,Allsvenskan,2024,30/09/2024,18:10,Goteborg,GAIS,2,0,H,2.84,3.6,2.48,2.88,3.6,2.52,2.77,3.52,2.42,2.96,3.65,2.56,,,
Sweden,Allsvenskan,2024,03/10/2024,18:00,Norrkoping,Sirius,0,2,A,2.83,3.56,2.51,2.85,3.75,2.51,2.76,3.52,2.43,2.88,3.65,2.58,,,
Sweden,Allsvenskan,2024,05/10/2024,14:00,Hammarby,Halmstad,1,0,H,1.32,5.61,9.52,1.38,5.62,9.95,1.34,5.12,8.55,1.39,5.5,9.4,,,
Sweden,Allsvenskan,2024,05/10/2024,14:00,Mjallby,Vasteras SK,2,1,H,1.93,3.83,3.92,1.98,3.87,3.92,1.9,3.73,3.77,1.96,3.9,4.1,,,
Sweden,Allsvenskan,2024,05/10/2024,16:30,Brommapojkarna,GAIS,2,0,H,2.19,3.92,3.12,2.28,3.92,3.25,2.14,3.75,3.08,2.24,3.9,3.3,,,
Sweden,Allsvenskan,2024,06/10/2024,13:00,AIK,Hacken,0,2,A,1.98,3.68,3.88,2.04,3.75,3.91,1.96,3.55,3.73,2.06,3.7,4,,,
Sweden,Allsvenskan,2024,06/10/2024,13:00,Djurgarden,Kalmar,1,1,D,1.51,4.55,6.51,1.51,4.6,7,1.48,4.43,6.33,1.53,4.7,7.4,,,
Sweden,Allsvenskan,2024,06/10/2024,15:30,Malmo FF,Varnamo,1,1,D,1.41,5.02,7.64,1.42,5.1,8,1.39,4.88,7.48,1.41,5.4,9.2,,,
Sweden,Allsvenskan,2024,06/10/2024,15:30,Norrkoping,Goteborg,0,2,A,2.24,3.44,3.37,2.27,3.5,3.37,2.21,3.38,3.2,2.32,3.5,3.4,,,
Sweden,Allsvenskan,2024,06/10/2024,15:30,Sirius,Elfsborg,4,1,H,2.88,3.76,2.38,2.95,3.8,2.44,2.83,3.67,2.31,3,3.85,2.4,,,
Sweden,Allsvenskan,2024,19/10/2024,14:00,Elfsborg,Hacken,1,3,A,1.81,4.25,4.03,1.83,4.3,4.04,1.78,4.17,3.89,1.84,4.5,4.1,,,
Sweden,Allsvenskan,2024,19/10/2024,14:00,Vasteras SK,Malmo FF,1,1,D,4.77,4.25,1.69,5.3,4.4,1.7,4.72,4.2,1.65,5.3,4.5,1.68,,,
Sweden,Allsvenskan,2024,19/10/2024,16:30,Halmstad,Sirius,3,1,H,3.85,3.99,1.91,3.9,3.99,2,3.72,3.74,1.92,4,3.9,2.02,,,
Sweden,Allsvenskan,2024,20/10/2024,13:00,Kalmar,Mjallby,0,3,A,3.03,3.45,2.42,3.1,3.46,2.47,2.95,3.36,2.36,3.2,3.45,2.46,,,
Sweden,Allsvenskan,2024,20/10/2024,15:30,GAIS,Varnamo,0,0,D,2.23,3.56,3.27,2.35,3.56,3.27,2.23,3.42,3.13,2.36,3.55,3.3,,,
Sweden,Allsvenskan,2024,21/10/2024,13:00,Hammarby,Djurgarden,2,0,H,2.36,3.21,3.35,2.5,3.25,3.35,2.35,3.17,3.16,2.48,3.3,3.4,,,
Sweden,Allsvenskan,2024,21/10/2024,18:00,Norrkoping,Brommapojkarna,1,1,D,2.24,3.5,3.32,2.29,3.7,3.37,2.18,3.5,3.2,2.28,3.7,3.35,,,
Sweden,Allsvenskan,2024,21/10/2024,18:10,Goteborg,AIK,1,2,A,2.98,3.17,2.63,3.1,3.2,2.63,2.9,3.11,2.54,3.05,3.2,2.7,,,
Sweden,Allsvenskan,2024,26/10/2024,14:00,Mjallby,GAIS,1,1,D,1.63,4.08,5.56,1.68,4.1,5.56,1.63,3.97,5.22,1.69,4.2,5.7,,,
Sweden,Allsvenskan,2024,26/10/2024,14:00,Sirius,Hammarby,0,3,A,3.15,3.65,2.27,3.19,3.75,2.3,3.04,3.55,2.23,3.2,3.75,2.34,,,
Sweden,Allsvenskan,2024,26/10/2024,16:30,Brommapojkarna,Kalmar,1,2,A,2.2,3.64,3.29,2.2,3.75,3.5,2.12,3.62,3.21,2.2,3.8,3.5,,,
Sweden,Allsvenskan,2024,27/10/2024,13:00,AIK,Elfsborg,2,1,H,2.11,3.42,3.63,2.15,3.42,3.75,2.09,3.33,3.59,2.16,3.55,3.8,,,
Sweden,Allsvenskan,2024,27/10/2024,13:00,Varnamo,Norrkoping,1,2,A,2.08,3.19,4.18,2.12,3.4,4.3,2.01,3.24,4,2.1,3.35,4.2,,,
Sweden,Allsvenskan,2024,27/10/2024,15:30,Hacken,Halmstad,0,1,A,1.48,5.13,6.03,1.48,5.29,6.5,1.44,4.97,6.06,1.47,5.4,7,,,
Sweden,Allsvenskan,2024,28/10/2024,18:00,Djurgarden,Vasteras SK,2,1,H,1.56,4.51,5.66,1.61,4.51,5.66,1.56,4.3,5.41,1.61,4.6,6,,,
Sweden,Allsvenskan,2024,28/10/2024,18:10,Malmo FF,Goteborg,2,1,H,1.44,4.63,7.77,1.49,4.9,7.77,1.43,4.58,7.04,1.47,4.9,8.2,,,
Sweden,Allsvenskan,2024,02/11/2024,14:00,Elfsborg,Vasteras SK,1,0,H,1.55,4.7,5.61,1.6,4.9,6.2,1.53,4.54,5.37,1.61,4.8,5.6,,,
Sweden,Allsvenskan,2024,02/11/2024,14:00,Hammarby,Malmo FF,2,2,D,1.73,4.06,4.71,1.79,4.3,5,1.66,4.04,4.74,1.69,4.3,5.6,,,
Sweden,Allsvenskan,2024,02/11/2024,16:30,Goteborg,Kalmar,1,1,D,1.95,3.51,4.2,2.04,3.6,4.25,1.94,3.45,3.95,2.02,3.5,4.4,,,
Sweden,Allsvenskan,2024,03/11/2024,13:00,Brommapojkarna,Varnamo,0,1,A,3.19,3.68,2.27,3.19,3.75,2.28,3.03,3.6,2.21,3.2,3.85,2.28,,,
Sweden,Allsvenskan,2024,03/11/2024,13:00,Hacken,GAIS,1,2,A,1.91,4.3,3.59,1.95,4.5,3.95,1.86,4.2,3.53,1.9,4.4,4,,,
Sweden,Allsvenskan,2024,03/11/2024,15:30,Halmstad,Djurgarden,1,0,H,4.16,3.58,1.94,4.6,3.7,1.96,4.12,3.53,1.88,4.5,3.75,1.9,,,
Sweden,Allsvenskan,2024,03/11/2024,15:30,Sirius,Mjallby,1,1,D,2.88,3.74,2.39,2.88,3.75,2.43,2.77,3.65,2.35,2.92,3.8,2.5,,,
Sweden,Allsvenskan,2024,04/11/2024,18:10,Norrkoping,AIK,1,0,H,3.17,3.24,2.44,3.35,3.26,2.45,3.12,3.19,2.35,3.8,3.3,2.22,,,
Sweden,Allsvenskan,2024,10/11/2024,14:00,AIK,Halmstad,5,1,H,1.46,4.37,7.99,1.48,4.5,8.5,1.44,4.27,7.81,1.46,4.7,9.2,,,
Sweden,Allsvenskan,2024,10/11/2024,14:00,Djurgarden,Norrkoping,3,1,H,1.27,5.82,11.75,1.29,6.4,12,1.26,5.73,10.72,1.3,6.2,13,,,
Sweden,Allsvenskan,2024,10/11/2024,14:00,GAIS,Sirius,2,1,H,2.02,3.99,3.41,2.12,4,3.45,2.01,3.87,3.3,2.16,4,3.4,,,
Sweden,Allsvenskan,2024,10/11/2024,14:00,Kalmar,Hacken,1,0,H,2.85,4.08,2.26,2.88,4.25,2.27,2.77,4.03,2.22,2.9,4.2,2.34,,,
Sweden,Allsvenskan,2024,10/11/2024,14:00,Malmo FF,Brommapojkarna,2,1,H,1.26,6.44,10.06,1.29,6.75,11,1.25,6.31,9.85,1.3,6.8,10,,,
Sweden,Allsvenskan,2024,10/11/2024,14:00,Mjallby,Goteborg,1,0,H,2.39,3.62,2.91,2.48,3.65,2.97,2.35,3.53,2.87,2.44,3.7,3.05,,,
Sweden,Allsvenskan,2024,10/11/2024,14:00,Varnamo,Elfsborg,0,0,D,1.92,3.75,3.98,1.92,3.85,4.2,1.87,3.69,3.95,1.94,3.9,4.2,,,
Sweden,Allsvenskan,2024,10/11/2024,14:00,Vasteras SK,Hammarby,1,0,H,2.86,3.84,2.33,3,3.89,2.36,2.82,3.73,2.29,3,3.9,2.34,,,
Sweden,Allsvenskan,2024,21/11/2024,18:00,Landskrona,Varnamo,2,2,D,4.52,3.25,1.95,4.52,3.3,2.02,4.31,3.15,1.95,4.8,3.4,2,,,
Sweden,Allsvenskan,2024,24/11/2024,14:00,Varnamo,Landskrona,1,0,H,1.61,3.89,6.11,1.67,4.1,6.5,1.58,3.82,6.06,1.62,4.1,6.6,,,
Sweden,Allsvenskan,2025,29/03/2025,14:00,Djurgarden,Malmo FF,0,1,A,2.8,3.29,2.69,2.9,3.4,2.7,2.73,3.26,2.61,2.92,3.3,2.76,,,
Sweden,Allsvenskan,2025,29/03/2025,16:30,Hacken,Brommapojkarna,2,0,H,1.64,4.31,5.15,1.64,4.35,5.7,1.6,4.23,5.1,1.64,4.3,5.7,,,
Sweden,Allsvenskan,2025,30/03/2025,13:00,Elfsborg,Mjallby,2,2,D,2.26,3.26,3.51,2.31,3.35,3.6,2.21,3.21,3.37,2.32,3.25,3.75,,,
Sweden,Allsvenskan,2025,30/03/2025,13:00,Hammarby,Goteborg,4,0,H,1.94,3.55,4.2,2.03,3.6,4.2,1.94,3.5,3.89,1.97,3.7,4.3,,,
Sweden,Allsvenskan,2025,30/03/2025,15:30,Halmstad,Degerfors,0,5,A,2.33,3.11,3.54,2.38,3.15,3.6,2.29,3.06,3.39,2.42,3.2,3.55,,,
Sweden,Allsvenskan,2025,30/03/2025,15:30,Norrkoping,Oster,4,3,H,1.97,3.72,3.86,2.06,3.75,3.9,1.98,3.58,3.68,2.06,3.75,3.9,,,
Sweden,Allsvenskan,2025,31/03/2025,18:00,Varnamo,Sirius,1,2,A,2.27,3.45,3.3,2.28,3.51,3.4,2.21,3.41,3.22,2.36,3.55,3.3,,,
Sweden,Allsvenskan,2025,31/03/2025,18:10,GAIS,AIK,0,1,A,2.81,2.91,3,2.81,3.1,3.1,2.66,2.98,2.89,2.84,3,3.05,,,
Sweden,Allsvenskan,2025,05/04/2025,14:00,Goteborg,Halmstad,1,0,H,1.48,4.41,7.29,1.5,4.5,8.2,1.46,4.28,7.28,1.48,4.7,8.4,,,
Sweden,Allsvenskan,2025,05/04/2025,14:00,Sirius,Djurgarden,0,1,A,3.32,3.46,2.26,3.6,3.55,2.26,3.3,3.45,2.17,3.5,3.65,2.24,,,
Sweden,Allsvenskan,2025,05/04/2025,16:30,Oster,Hacken,2,0,H,3.69,3.72,2.02,3.8,3.8,2.04,3.59,3.67,1.98,3.9,3.8,2.04,,,
Sweden,Allsvenskan,2025,06/04/2025,13:00,AIK,Norrkoping,4,3,H,1.81,3.54,4.99,1.84,3.75,5,1.77,3.52,4.82,1.84,3.65,5.3,,,
Sweden,Allsvenskan,2025,06/04/2025,13:00,Brommapojkarna,Hammarby,0,2,A,3.82,3.46,2.07,4.1,3.6,2.11,3.66,3.45,2.02,4,3.55,2.1,,,
Sweden,Allsvenskan,2025,06/04/2025,15:30,Degerfors,Varnamo,1,0,H,2.27,3.24,3.52,2.3,3.3,3.55,2.23,3.19,3.38,2.3,3.2,3.75,,,
Sweden,Allsvenskan,2025,06/04/2025,15:30,Mjallby,GAIS,1,1,D,2.03,3.33,4.14,2.06,3.4,4.25,2,3.32,3.94,2.08,3.5,4.2,,,
Sweden,Allsvenskan,2025,07/04/2025,18:10,Malmo FF,Elfsborg,2,1,H,1.78,3.85,4.7,1.78,3.95,4.9,1.74,3.75,4.57,1.81,3.85,5.2,,,
Sweden,Allsvenskan,2025,12/04/2025,14:00,Hacken,Mjallby,0,3,A,2.4,3.58,2.96,2.4,3.6,3.2,2.31,3.47,2.96,2.38,3.65,3.15,,,
Sweden,Allsvenskan,2025,12/04/2025,16:30,Elfsborg,Norrkoping,2,0,H,1.68,4.14,5.02,1.69,4.3,5.02,1.66,4.01,4.8,1.72,4.2,5.3,,,
Sweden,Allsvenskan,2025,13/04/2025,13:00,Hammarby,Djurgarden,2,0,H,2.33,3.3,3.33,2.36,3.4,3.6,2.25,3.25,3.26,2.34,3.35,3.5,,,
Sweden,Allsvenskan,2025,13/04/2025,13:00,Varnamo,Goteborg,0,1,A,2.75,3.45,2.63,2.88,3.45,2.63,2.76,3.33,2.52,2.94,3.45,2.68,,,
Sweden,Allsvenskan,2025,13/04/2025,15:30,GAIS,Degerfors,2,0,H,1.83,3.62,4.66,1.85,3.75,4.66,1.82,3.56,4.39,1.9,3.6,4.9,,,
Sweden,Allsvenskan,2025,13/04/2025,15:30,Sirius,Brommapojkarna,0,3,A,2.25,3.59,3.22,2.28,3.59,3.22,2.22,3.47,3.12,2.34,3.65,3.3,,,
Sweden,Allsvenskan,2025,14/04/2025,18:00,Halmstad,Oster,1,0,H,3.09,3.24,2.49,3.1,3.3,2.51,2.97,3.18,2.44,3.1,3.25,2.6,,,
Sweden,Allsvenskan,2025,14/04/2025,18:10,AIK,Malmo FF,0,0,D,4.3,3.36,1.98,4.42,3.45,2.05,4.16,3.29,1.95,4.5,3.45,2.02,,,
Sweden,Allsvenskan,2025,18/04/2025,14:00,Malmo FF,Sirius,1,1,D,1.41,4.83,8.13,1.42,5.4,9,1.39,4.77,7.66,1.42,5.2,9,,,
Sweden,Allsvenskan,2025,18/04/2025,14:00,Mjallby,Hammarby,3,1,H,2.65,3.25,2.88,2.89,3.35,2.88,2.62,3.22,2.71,2.76,3.3,2.88,,,
Sweden,Allsvenskan,2025,19/04/2025,14:00,Degerfors,Elfsborg,0,1,A,3.94,3.5,2.02,4.3,3.55,2.06,3.81,3.46,1.97,4.1,3.65,2.04,,,
Sweden,Allsvenskan,2025,19/04/2025,14:00,Norrkoping,Halmstad,3,0,H,1.67,3.94,5.44,1.7,4.1,5.51,1.64,3.85,5.23,1.71,4.1,5.6,,,
Sweden,Allsvenskan,2025,20/04/2025,13:00,Brommapojkarna,Varnamo,3,2,H,1.92,3.68,4.12,2.01,3.75,4.3,1.91,3.56,3.91,2.02,3.65,4,,,
Sweden,Allsvenskan,2025,20/04/2025,13:00,Oster,AIK,0,1,A,3.89,3.45,2.05,3.95,3.6,2.1,3.66,3.39,2.03,3.95,3.4,2.14,,,
Sweden,Allsvenskan,2025,20/04/2025,15:30,Goteborg,Hacken,2,3,A,2.25,3.44,3.34,2.3,3.6,3.35,2.23,3.45,3.1,2.32,3.55,3.4,,,
Sweden,Allsvenskan,2025,21/04/2025,13:00,Djurgarden,GAIS,0,0,D,2.2,3.3,3.62,2.2,3.35,3.63,2.14,3.26,3.51,2.24,3.45,3.7,,,
Sweden,Allsvenskan,2025,23/04/2025,18:00,Elfsborg,Sirius,4,3,H,1.72,4.02,4.8,1.73,4.3,5,1.69,3.95,4.7,1.76,4.2,5,,,
Sweden,Allsvenskan,2025,23/04/2025,18:00,Hacken,Degerfors,3,4,A,1.81,3.81,4.57,1.82,4,4.8,1.76,3.79,4.43,1.82,3.95,4.9,,,
Sweden,Allsvenskan,2025,23/04/2025,18:00,Halmstad,Mjallby,1,3,A,5.27,3.71,1.73,5.4,3.8,1.74,5.03,3.65,1.71,5.5,3.75,1.79,,,
Sweden,Allsvenskan,2025,23/04/2025,18:00,Hammarby,Malmo FF,2,0,H,2.31,3.38,3.29,2.35,3.4,3.43,2.24,3.34,3.18,2.36,3.45,3.4,,,
Sweden,Allsvenskan,2025,24/04/2025,18:00,Djurgarden,Oster,1,0,H,1.41,4.94,7.91,1.48,5,8.1,1.4,4.79,7.36,1.46,4.9,8.4,,,
Sweden,Allsvenskan,2025,24/04/2025,18:00,GAIS,Brommapojkarna,1,1,D,2.1,3.61,3.57,2.18,3.7,3.62,2.06,3.55,3.42,2.16,3.65,3.7,,,
Sweden,Allsvenskan,2025,24/04/2025,18:00,Norrkoping,Goteborg,2,3,A,2.49,3.43,2.94,2.49,3.5,3,2.4,3.39,2.86,2.52,3.55,3,,,
Sweden,Allsvenskan,2025,24/04/2025,18:00,Varnamo,AIK,1,2,A,2.89,3.05,2.78,3.2,3.2,2.78,2.95,3.03,2.56,3.1,3.15,2.74,,,
Sweden,Allsvenskan,2025,27/04/2025,13:00,Hacken,Hammarby,1,1,D,2.94,3.6,2.41,3.05,3.6,2.45,2.86,3.56,2.34,3,3.7,2.48,,,
Sweden,Allsvenskan,2025,27/04/2025,13:00,Mjallby,Degerfors,4,1,H,1.61,4.07,5.87,1.61,4.35,6.1,1.58,3.96,5.68,1.62,4.2,6.4,,,
Sweden,Allsvenskan,2025,27/04/2025,15:00,AIK,Elfsborg,2,0,H,2.15,3.25,3.83,2.25,3.4,3.83,2.14,3.2,3.55,2.26,3.25,3.85,,,
Sweden,Allsvenskan,2025,27/04/2025,15:30,Sirius,Halmstad,1,1,D,1.63,4.15,5.48,1.63,4.2,6,1.59,4.06,5.35,1.66,4.3,5.9,,,
Sweden,Allsvenskan,2025,27/04/2025,15:30,Varnamo,Norrkoping,1,3,A,2.38,3.47,3.07,2.43,3.65,3.07,2.34,3.42,2.93,2.38,3.6,3.25,,,
Sweden,Allsvenskan,2025,28/04/2025,18:10,Goteborg,GAIS,1,1,D,2.58,3.33,2.9,2.58,3.4,3.1,2.47,3.26,2.87,2.6,3.4,3.1,,,
Sweden,Allsvenskan,2025,29/04/2025,18:00,Malmo FF,Oster,2,0,H,1.24,6.28,13.39,1.24,6.5,14,1.22,6.1,12.67,1.27,6.6,15.5,,,
Sweden,Allsvenskan,2025,03/05/2025,14:00,Degerfors,Sirius,1,1,D,2.51,3.45,2.9,2.51,3.6,2.9,2.43,3.43,2.79,2.58,3.55,2.98,,,
Sweden,Allsvenskan,2025,03/05/2025,16:30,Halmstad,Varnamo,4,2,H,3.42,3.25,2.31,3.42,3.25,2.31,3.33,3.16,2.26,3.6,3.3,2.36,,,
Sweden,Allsvenskan,2025,04/05/2025,13:00,Djurgarden,AIK,1,1,D,2.73,2.95,3.06,2.78,3.15,3.06,2.67,2.98,2.85,2.8,3.05,3.15,,,
Sweden,Allsvenskan,2025,04/05/2025,13:00,Norrkoping,Hacken,0,2,A,2.63,3.94,2.5,2.63,4.1,2.56,2.55,3.9,2.42,2.74,4,2.56,,,
Sweden,Allsvenskan,2025,04/05/2025,15:30,Mjallby,Goteborg,1,0,H,1.9,3.66,4.24,1.91,3.7,4.24,1.87,3.58,4.08,1.94,3.75,4.5,,,
Sweden,Allsvenskan,2025,04/05/2025,15:30,Oster,Hammarby,0,3,A,6.53,4.46,1.51,6.53,4.6,1.52,6.22,4.33,1.49,6.6,4.7,1.56,,,
Sweden,Allsvenskan,2025,05/05/2025,18:00,Malmo FF,Brommapojkarna,1,2,A,1.39,5.15,8.15,1.49,5.25,8.15,1.38,4.97,7.51,1.41,5.3,9.2,,,
Sweden,Allsvenskan,2025,05/05/2025,18:10,Elfsborg,GAIS,2,0,H,2.29,3.62,3.11,2.4,3.62,3.2,2.31,3.49,2.94,2.44,3.6,3.15,,,
Sweden,Allsvenskan,2025,10/05/2025,14:00,Brommapojkarna,Halmstad,0,1,A,1.55,4.45,6,1.55,4.5,6.25,1.53,4.37,5.69,1.59,4.5,6.4,,,
Sweden,Allsvenskan,2025,10/05/2025,16:30,GAIS,Varnamo,1,1,D,1.9,3.57,4.34,1.95,3.6,4.6,1.86,3.51,4.19,1.98,3.6,4.6,,,
Sweden,Allsvenskan,2025,10/05/2025,16:30,Sirius,Hacken,2,0,H,2.66,3.71,2.58,2.66,3.75,2.58,2.58,3.67,2.49,2.8,3.8,2.62,,,
Sweden,Allsvenskan,2025,11/05/2025,13:00,AIK,Mjallby,2,1,H,2.47,2.99,3.41,2.47,3.05,3.42,2.37,2.96,3.31,2.52,3.05,3.55,,,
Sweden,Allsvenskan,2025,11/05/2025,13:00,Hammarby,Norrkoping,1,1,D,1.46,4.84,6.8,1.49,5,6.8,1.45,4.63,6.38,1.49,5,7.4,,,
Sweden,Allsvenskan,2025,11/05/2025,15:30,Degerfors,Malmo FF,1,4,A,5.3,4.05,1.66,5.75,4.2,1.67,5.03,4.02,1.63,5.6,4.2,1.7,,,
Sweden,Allsvenskan,2025,11/05/2025,15:30,Oster,Elfsborg,0,1,A,3.31,3.62,2.07,3.65,3.75,2.12,3.35,3.6,2.05,3.5,3.9,2.14,,,
Sweden,Allsvenskan,2025,12/05/2025,18:10,Goteborg,Djurgarden,1,2,A,2.46,3.44,2.98,2.5,3.5,2.98,2.4,3.38,2.87,2.54,3.5,3.05,,,
Sweden,Allsvenskan,2025,14/05/2025,18:00,Hacken,AIK,3,3,D,2.84,3.47,2.55,2.86,3.7,2.55,2.8,3.44,2.45,3,3.5,2.58,,,
Sweden,Allsvenskan,2025,14/05/2025,18:00,Halmstad,GAIS,1,3,A,3.93,3.27,2.11,3.93,3.4,2.13,3.74,3.25,2.08,3.95,3.35,2.2,,,
Sweden,Allsvenskan,2025,14/05/2025,18:00,Hammarby,Sirius,3,2,H,1.75,4.09,4.58,1.78,4.2,4.9,1.7,4.06,4.49,1.77,4.2,4.9,,,
Sweden,Allsvenskan,2025,15/05/2025,18:00,Djurgarden,Mjallby,1,3,A,2.38,3.51,3.05,2.48,3.7,3.05,2.36,3.44,2.93,2.48,3.55,3.1,,,
Sweden,Allsvenskan,2025,15/05/2025,18:00,Elfsborg,Brommapojkarna,4,3,H,1.96,3.93,3.72,1.96,4,3.8,1.92,3.91,3.61,2,4,3.9,,,
Sweden,Allsvenskan,2025,15/05/2025,18:00,Goteborg,Oster,0,1,A,1.45,4.75,7.22,1.49,4.8,7.22,1.46,4.58,6.58,1.5,4.9,7.4,,,
Sweden,Allsvenskan,2025,15/05/2025,18:00,Norrkoping,Degerfors,1,2,A,2.13,3.67,3.44,2.13,3.75,3.5,2.05,3.64,3.41,2.16,3.7,3.65,,,
Sweden,Allsvenskan,2025,15/05/2025,18:00,Varnamo,Malmo FF,2,2,D,4.74,3.83,1.78,5,3.85,1.81,4.56,3.79,1.75,5.5,4,1.74,,,
Sweden,Allsvenskan,2025,18/05/2025,13:00,AIK,Hammarby,0,0,D,3.43,3.1,2.38,3.43,3.2,2.5,3.28,3.09,2.34,3.4,3.15,2.52,,,
Sweden,Allsvenskan,2025,18/05/2025,13:00,Hacken,Varnamo,2,0,H,2.01,3.89,3.57,2.02,4.1,3.9,1.94,3.84,3.57,2.04,4,3.7,,,
Sweden,Allsvenskan,2025,18/05/2025,15:30,Malmo FF,Halmstad,3,0,H,1.22,6.84,13.03,1.23,7,14,1.21,6.55,12.45,1.24,7.4,16,,,
Sweden,Allsvenskan,2025,18/05/2025,15:30,Oster,GAIS,1,1,D,4.17,3.49,1.97,4.2,3.6,1.99,4.05,3.47,1.92,4.3,3.65,1.99,,,
Sweden,Allsvenskan,2025,19/05/2025,18:00,Degerfors,Goteborg,1,3,A,2.93,3.47,2.48,2.95,3.5,2.48,2.87,3.4,2.41,2.98,3.55,2.58,,,
Sweden,Allsvenskan,2025,19/05/2025,18:00,Mjallby,Brommapojkarna,1,0,H,1.71,4.1,4.76,1.73,4.3,4.85,1.7,3.94,4.64,1.77,4.2,4.9,,,
Sweden,Allsvenskan,2025,19/05/2025,18:00,Sirius,Norrkoping,1,2,A,2.14,3.91,3.21,2.17,4,3.48,2.04,3.82,3.28,2.18,3.9,3.4,,,
Sweden,Allsvenskan,2025,19/05/2025,18:10,Elfsborg,Djurgarden,4,0,H,2.17,3.62,3.38,2.38,3.62,3.5,2.17,3.5,3.23,2.24,3.7,3.45,,,
Sweden,Allsvenskan,2025,22/05/2025,18:00,Hammarby,Mjallby,1,2,A,1.69,4.21,4.81,1.73,4.21,4.81,1.68,4.04,4.61,1.72,4.2,5.3,,,
Sweden,Allsvenskan,2025,22/05/2025,18:00,Malmo FF,AIK,0,0,D,1.74,3.74,5.12,1.78,3.85,5.12,1.72,3.66,4.91,1.77,3.85,5.5,,,
Sweden,Allsvenskan,2025,24/05/2025,14:00,Varnamo,Oster,1,1,D,2.1,3.4,3.8,2.1,3.55,3.85,2.03,3.37,3.75,2.12,3.55,4,,,
Sweden,Allsvenskan,2025,24/05/2025,16:30,GAIS,Sirius,2,1,H,2.04,3.75,3.62,2.04,3.75,3.7,2,3.64,3.54,2.06,3.8,3.85,,,
Sweden,Allsvenskan,2025,25/05/2025,13:00,Goteborg,Malmo FF,1,0,H,2.84,3.54,2.51,2.85,3.6,2.51,2.8,3.47,2.43,2.92,3.7,2.54,,,
Sweden,Allsvenskan,2025,25/05/2025,13:00,Halmstad,Elfsborg,1,4,A,4.97,3.91,1.72,5.19,3.95,1.79,4.73,3.73,1.73,5.1,4,1.8,,,
Sweden,Allsvenskan,2025,25/05/2025,15:30,Brommapojkarna,AIK,0,1,A,3.28,3.54,2.24,3.38,3.6,2.24,3.25,3.49,2.16,3.5,3.6,2.26,,,
Sweden,Allsvenskan,2025,25/05/2025,15:30,Djurgarden,Hacken,1,1,D,2.25,3.63,3.2,2.25,3.75,3.5,2.17,3.55,3.19,2.12,3.9,3.55,,,
Sweden,Allsvenskan,2025,26/05/2025,18:00,Norrkoping,Mjallby,1,1,D,4.03,3.96,1.87,4.1,4,1.92,3.86,3.88,1.84,4.2,4.2,1.9,,,
Sweden,Allsvenskan,2025,26/05/2025,18:10,Hammarby,Degerfors,1,0,H,1.37,5.3,8.24,1.44,5.75,8.5,1.38,5.01,7.47,1.4,5.6,9,,,
Sweden,Allsvenskan,2025,29/05/2025,17:00,Brommapojkarna,Djurgarden,0,1,A,2.3,3.72,3.03,2.45,3.72,3.04,2.29,3.62,2.9,2.38,3.8,3.1,,,
Sweden,Allsvenskan,2025,31/05/2025,14:00,Degerfors,Oster,1,2,A,1.75,3.88,4.81,1.82,3.88,4.85,1.76,3.69,4.55,1.83,3.9,4.9,,,
Sweden,Allsvenskan,2025,31/05/2025,14:00,Elfsborg,Hammarby,0,2,A,2.42,3.57,2.94,2.55,3.6,2.95,2.39,3.49,2.83,2.54,3.6,2.96,,,
Sweden,Allsvenskan,2025,31/05/2025,14:00,Norrkoping,GAIS,0,3,A,3.3,3.79,2.14,3.4,3.8,2.28,3.19,3.63,2.14,3.65,3.85,2.14,,,
Sweden,Allsvenskan,2025,01/06/2025,13:00,Brommapojkarna,Goteborg,1,3,A,2.69,3.57,2.62,2.69,3.6,2.63,2.63,3.52,2.54,2.72,3.65,2.74,,,
Sweden,Allsvenskan,2025,01/06/2025,13:00,Halmstad,Djurgarden,1,0,H,4.57,3.51,1.88,4.57,3.51,1.99,4.11,3.41,1.92,4.5,3.55,2,,,
Sweden,Allsvenskan,2025,01/06/2025,13:00,Malmo FF,Hacken,3,0,H,1.69,4.08,5,1.73,4.25,5,1.69,3.97,4.7,1.74,4.2,5.1,,,
Sweden,Allsvenskan,2025,01/06/2025,15:30,Mjallby,Varnamo,2,0,H,1.4,5.08,7.83,1.42,5.08,7.83,1.4,4.89,7.37,1.44,5.2,8.4,,,
Sweden,Allsvenskan,2025,01/06/2025,15:30,Sirius,AIK,3,1,H,3.68,3.28,2.19,3.75,3.4,2.2,3.56,3.28,2.12,3.75,3.4,2.24,,,
Sweden,Allsvenskan,2025,28/06/2025,14:00,Hammarby,Halmstad,2,0,H,1.25,6.19,10.88,1.29,6.19,11.5,1.25,5.61,10.11,1.29,6.2,13.5,,,
Sweden,Allsvenskan,2025,28/06/2025,16:30,Oster,Sirius,2,2,D,2.69,3.42,2.64,2.75,3.6,2.64,2.62,3.35,2.49,2.74,3.55,2.76,,,
Sweden,Allsvenskan,2025,29/06/2025,13:00,AIK,Goteborg,3,0,H,2.23,3.21,3.53,2.23,3.33,3.85,2.1,3.14,3.49,2.26,3.3,3.85,,,
Sweden,Allsvenskan,2025,29/06/2025,13:00,Degerfors,Brommapojkarna,0,3,A,2.25,3.71,3.04,2.3,3.71,3.1,2.2,3.46,2.97,2.34,3.7,3.25,,,
Sweden,Allsvenskan,2025,29/06/2025,15:30,Hacken,GAIS,1,3,A,2.98,3.5,2.38,2.98,3.65,2.48,2.76,3.44,2.34,3.05,3.6,2.52,,,
Sweden,Allsvenskan,2025,29/06/2025,15:30,Varnamo,Elfsborg,0,0,D,3.79,3.72,1.95,4.1,3.85,1.95,3.72,3.61,1.87,3.95,3.8,2.04,,,
Sweden,Allsvenskan,2025,30/06/2025,18:00,Djurgarden,Norrkoping,1,1,D,1.63,4.36,4.9,1.68,4.4,5,1.62,4.09,4.58,1.71,4.5,5,,,
Sweden,Allsvenskan,2025,30/06/2025,18:00,Mjallby,Malmo FF,1,1,D,2.4,3.27,3.12,2.4,3.3,3.25,2.27,3.25,2.99,2.5,3.5,3.15,,,
Sweden,Allsvenskan,2025,05/07/2025,14:00,GAIS,Malmo FF,0,0,D,3.04,3.52,2.33,3.04,3.6,2.35,2.87,3.39,2.29,3.2,3.6,2.4,,,
Sweden,Allsvenskan,2025,05/07/2025,14:00,Oster,Mjallby,0,1,A,5.56,4.29,1.58,5.56,4.29,1.61,5.14,4.03,1.57,5.7,4.4,1.65,,,
Sweden,Allsvenskan,2025,05/07/2025,16:30,Hammarby,Varnamo,1,0,H,1.33,5.63,8.73,1.35,5.8,9.5,1.3,5.32,8.21,1.36,5.8,10,,,
Sweden,Allsvenskan,2025,06/07/2025,13:00,Goteborg,Sirius,3,1,H,1.75,4.03,4.46,1.75,4.03,4.5,1.72,3.84,4.18,1.81,4.1,4.6,,,
Sweden,Allsvenskan,2025,06/07/2025,13:00,Halmstad,AIK,2,0,H,4.91,3.56,1.78,5.2,3.6,1.78,4.75,3.45,1.73,5.5,3.7,1.8,,,
Sweden,Allsvenskan,2025,06/07/2025,15:30,Djurgarden,Degerfors,5,1,H,1.68,4.12,4.82,1.7,4.25,5.6,1.62,3.91,4.88,1.73,4.2,5.2,,,
Sweden,Allsvenskan,2025,06/07/2025,15:30,Elfsborg,Hacken,0,2,A,1.74,4.13,4.37,1.75,4.2,4.37,1.69,3.95,4.19,1.79,4.3,4.6,,,
Sweden,Allsvenskan,2025,07/07/2025,18:00,Norrkoping,Brommapojkarna,0,1,A,2.61,3.97,2.46,2.63,4,2.55,2.51,3.78,2.41,2.72,4.1,2.54,,,
Sweden,Allsvenskan,2025,12/07/2025,14:00,Goteborg,Elfsborg,1,2,A,2.44,3.5,2.89,2.5,3.55,2.89,2.4,3.35,2.73,2.5,3.65,2.98,,,
Sweden,Allsvenskan,2025,12/07/2025,16:30,Malmo FF,Norrkoping,3,1,H,1.26,6.06,11.16,1.27,6.25,12,1.24,5.78,9.95,1.29,6.4,13,,,
Sweden,Allsvenskan,2025,13/07/2025,13:00,Brommapojkarna,Oster,2,0,H,1.51,4.56,6.16,1.52,4.6,6.16,1.48,4.35,5.72,1.58,4.8,6,,,
Sweden,Allsvenskan,2025,13/07/2025,13:00,GAIS,Hammarby,3,2,H,2.52,3.33,2.89,2.65,3.33,2.89,2.47,3.21,2.75,2.62,3.4,3.05,,,
Sweden,Allsvenskan,2025,13/07/2025,15:30,AIK,Degerfors,3,0,H,1.71,3.7,5.24,1.71,3.95,5.25,1.64,3.66,5.01,1.72,3.85,6,,,
Sweden,Allsvenskan,2025,13/07/2025,15:30,Varnamo,Djurgarden,1,0,H,4.44,3.9,1.78,5.1,4.1,1.8,4.42,3.73,1.71,4.9,4,1.82,,,
Sweden,Allsvenskan,2025,13/07/2025,17:30,Hacken,Halmstad,4,1,H,1.71,4.12,4.58,1.71,4.3,4.9,1.65,3.96,4.49,1.74,4.2,5.1,,,
Sweden,Allsvenskan,2025,14/07/2025,18:00,Sirius,Mjallby,1,2,A,2.62,3.53,2.65,2.75,3.95,2.65,2.6,3.42,2.48,2.8,3.6,2.7,,,
Sweden,Allsvenskan,2025,19/07/2025,14:00,Djurgarden,Elfsborg,1,0,H,1.73,3.98,4.63,1.81,4,4.75,1.72,3.79,4.26,1.78,4.1,4.9,,,
Sweden,Allsvenskan,2025,19/07/2025,14:00,Oster,Malmo FF,0,2,A,6.02,4.26,1.55,6.75,4.6,1.55,5.85,4.17,1.5,7,4.5,1.57,,,
Sweden,Allsvenskan,2025,19/07/2025,16:30,Degerfors,GAIS,0,3,A,3.83,3.67,1.96,4.1,3.75,1.96,3.7,3.53,1.9,4,3.8,2,,,
Sweden,Allsvenskan,2025,20/07/2025,13:00,Mjallby,AIK,2,0,H,2.27,3.21,3.43,2.3,3.25,3.43,2.24,3.1,3.18,2.36,3.3,3.55,,,
Sweden,Allsvenskan,2025,20/07/2025,13:00,Sirius,Goteborg,0,1,A,2.79,3.63,2.45,2.79,3.7,2.5,2.64,3.5,2.41,2.94,3.7,2.56,,,
Sweden,Allsvenskan,2025,20/07/2025,15:30,Halmstad,Hacken,0,0,D,3.12,3.54,2.27,3.4,3.54,2.27,3.07,3.41,2.16,3.4,3.6,2.28,,,
Sweden,Allsvenskan,2025,20/07/2025,15:30,Hammarby,Brommapojkarna,3,2,H,1.71,4.13,4.61,1.73,4.35,4.61,1.68,4.05,4.23,1.78,4.2,4.7,,,
Sweden,Allsvenskan,2025,21/07/2025,18:00,Norrkoping,Varnamo,3,1,H,2.31,3.65,2.97,2.31,3.7,3,2.23,3.53,2.87,2.34,3.8,3.2,,,
Sweden,Allsvenskan,2025,26/07/2025,14:00,Brommapojkarna,Malmo FF,2,3,A,3.78,3.77,1.94,4,3.77,2,3.56,3.62,1.91,3.85,4,2.02,,,
Sweden,Allsvenskan,2025,26/07/2025,14:00,GAIS,Halmstad,3,0,H,1.34,5.16,9.33,1.34,5.5,9.5,1.3,5.11,8.83,1.35,5.6,11.5,,,
Sweden,Allsvenskan,2025,26/07/2025,16:30,Degerfors,Norrkoping,0,0,D,2.21,3.78,3.06,2.28,3.8,3.1,2.18,3.57,2.92,2.26,3.85,3.25,,,
Sweden,Allsvenskan,2025,27/07/2025,13:00,AIK,Oster,0,0,D,1.58,4.02,6.14,1.58,4.2,6.25,1.54,3.81,6.04,1.63,3.95,7,,,
Sweden,Allsvenskan,2025,27/07/2025,13:00,Hacken,Djurgarden,1,6,A,3.08,3.71,2.23,3.3,3.71,2.23,3.07,3.5,2.13,3.3,3.8,2.3,,,
Sweden,Allsvenskan,2025,27/07/2025,15:30,Mjallby,Sirius,2,1,H,1.54,4.42,5.89,1.55,4.5,6.25,1.5,4.29,5.59,1.54,4.6,6.8,,,
Sweden,Allsvenskan,2025,27/07/2025,15:30,Varnamo,Hammarby,2,3,A,4.61,4.16,1.7,5.6,4.25,1.7,5.17,4.08,1.56,6.2,4.5,1.61,,,
Sweden,Allsvenskan,2025,28/07/2025,18:00,Elfsborg,Goteborg,4,3,H,2.12,3.7,3.3,2.4,3.7,3.3,2.32,3.47,2.78,2.5,3.7,3,,,
Sweden,Allsvenskan,2025,02/08/2025,14:00,Brommapojkarna,Norrkoping,6,4,H,1.65,4.67,4.43,1.72,4.67,4.43,1.66,4.22,4.16,1.76,4.5,4.5,,,
Sweden,Allsvenskan,2025,02/08/2025,16:30,Varnamo,GAIS,2,2,D,5.1,4.13,1.65,5.1,4.13,1.7,4.62,3.88,1.64,5.1,4.3,1.72,,,
Sweden,Allsvenskan,2025,03/08/2025,13:00,Djurgarden,Halmstad,1,1,D,1.26,6.42,10.01,1.26,6.5,11.5,1.22,5.98,10.29,1.28,6.6,12.5,,,
Sweden,Allsvenskan,2025,03/08/2025,13:00,Hacken,Elfsborg,1,2,A,3.17,3.93,2.11,3.25,4,2.12,3.07,3.81,2.03,3.3,4,2.2,,,
Sweden,Allsvenskan,2025,03/08/2025,15:30,Sirius,Oster,1,1,D,1.7,4.1,4.7,1.7,4.5,4.7,1.66,3.99,4.41,1.78,4.2,4.8,,,
Sweden,Allsvenskan,2025,04/08/2025,18:00,Goteborg,Degerfors,3,0,H,1.65,4.15,5.05,1.7,4.2,5.2,1.64,3.89,4.68,1.7,4.3,5.4,,,
Sweden,Allsvenskan,2025,09/08/2025,14:00,Malmo FF,Mjallby,1,3,A,1.88,3.62,4.24,1.93,3.6,4,1.89,3.43,3.82,1.95,3.7,4.5,,,
Sweden,Allsvenskan,2025,09/08/2025,16:30,Halmstad,Sirius,0,1,A,3.42,3.58,2.12,3.4,3.55,2.23,3.19,3.4,2.11,3.55,3.6,2.22,,,
Sweden,Allsvenskan,2025,10/08/2025,13:00,AIK,Djurgarden,0,0,D,2.7,3.17,2.8,2.54,3.25,3.25,2.41,3.04,2.94,2.6,3.2,3.3,,,
Sweden,Allsvenskan,2025,10/08/2025,13:00,Degerfors,Hacken,0,0,D,2.72,3.58,2.53,3.25,3.65,2.32,3.05,3.45,2.15,3.25,3.65,2.32,,,
Sweden,Allsvenskan,2025,10/08/2025,15:30,Norrkoping,Hammarby,0,2,A,4.79,4.39,1.64,5.1,4.6,1.61,4.83,4.22,1.56,5.2,4.5,1.69,,,
Sweden,Allsvenskan,2025,10/08/2025,15:30,Oster,Brommapojkarna,1,1,D,2.76,3.73,2.42,2.85,3.85,2.45,2.69,3.53,2.34,2.84,3.75,2.58,,,
Sweden,Allsvenskan,2025,11/08/2025,18:00,Elfsborg,Varnamo,2,2,D,1.46,5,6.23,1.45,5.3,6.33,1.41,4.84,5.99,1.47,5.4,7,,,
Sweden,Allsvenskan,2025,11/08/2025,18:00,GAIS,Goteborg,0,1,A,2.02,3.51,3.8,2.12,3.65,3.5,2.05,3.43,3.28,2.18,3.65,3.65,,,
Sweden,Allsvenskan,2025,16/08/2025,14:00,Halmstad,Malmo FF,0,4,A,6.01,4.27,1.55,5.1,4.1,1.73,4.76,3.77,1.65,5.3,4,1.76,4.5,3.9,1.7
Sweden,Allsvenskan,2025,16/08/2025,16:30,Norrkoping,Elfsborg,2,1,H,3.45,3.77,2.04,3.35,4,2.1,3.19,3.73,2,3.45,4,2.14,3.25,3.75,2.05
Sweden,Allsvenskan,2025,17/08/2025,13:00,Brommapojkarna,Sirius,2,4,A,2.19,4.06,2.94,2.1,4.1,3.1,2.05,3.83,3.01,2.16,4.2,3.25,2.05,3.9,3.1
Sweden,Allsvenskan,2025,17/08/2025,13:00,Goteborg,AIK,2,1,H,2.23,3.14,3.63,2.38,3.2,3.4,2.31,3.1,3.06,2.44,3.3,3.45,2.25,3.2,3.25
Sweden,Allsvenskan,2025,17/08/2025,15:30,Hacken,Oster,0,2,A,1.72,4.14,4.49,1.62,4.4,5,1.58,4.14,4.83,1.61,4.7,5.7,1.57,4.33,5
Sweden,Allsvenskan,2025,17/08/2025,15:30,Hammarby,GAIS,1,2,A,1.98,3.75,3.66,1.91,3.95,3.95,1.84,3.68,3.72,1.93,3.95,4.2,1.85,3.8,3.8
Sweden,Allsvenskan,2025,17/08/2025,15:30,Mjallby,Djurgarden,1,1,D,2.2,3.54,3.26,2.2,3.6,3.5,2.09,3.41,3.2,2.22,3.65,3.45,2.2,3.5,3.1
Sweden,Allsvenskan,2025,18/08/2025,18:00,Varnamo,Degerfors,3,2,H,2.22,3.6,3.19,2.45,3.75,2.8,2.36,3.52,2.69,2.56,3.8,2.84,2.45,3.6,2.7
Sweden,Allsvenskan,2025,24/08/2025,13:00,Djurgarden,Brommapojkarna,1,0,H,1.61,4.47,5.03,1.62,4.7,5.1,1.56,4.3,4.73,1.67,4.6,5.3,1.62,4.5,4.33
Sweden,Allsvenskan,2025,24/08/2025,13:00,Sirius,Hammarby,3,1,H,4.13,4.05,1.8,4.1,4.1,1.85,3.83,3.82,1.79,4.1,4,1.93,4,3.8,1.8
Sweden,Allsvenskan,2025,24/08/2025,15:30,Degerfors,AIK,0,1,A,4.02,3.36,2.01,4.2,3.5,2.01,3.9,3.28,1.92,4.3,3.5,2.04,3.9,3.4,1.95
Sweden,Allsvenskan,2025,24/08/2025,15:30,Elfsborg,Halmstad,1,2,A,1.42,4.99,7.05,1.55,4.7,6.1,1.49,4.33,5.62,1.55,4.7,6.8,1.53,4.2,5.75
Sweden,Allsvenskan,2025,24/08/2025,15:30,Malmo FF,Goteborg,0,0,D,1.72,3.92,4.75,1.73,4,4.9,1.68,3.73,4.5,1.77,3.9,5.3,1.73,3.7,4.5
Sweden,Allsvenskan,2025,24/08/2025,15:30,Varnamo,Hacken,1,5,A,3.2,3.9,2.11,3.1,3.9,2.36,2.73,3.68,2.24,2.9,3.9,2.46,2.7,3.8,2.3
Sweden,Allsvenskan,2025,25/08/2025,18:00,GAIS,Mjallby,0,2,A,2.4,3.52,2.92,2.38,3.55,3,2.32,3.36,2.82,2.44,3.6,3.15,2.3,3.4,3
Sweden,Allsvenskan,2025,25/08/2025,18:00,Oster,Norrkoping,1,2,A,2.46,3.42,2.92,2.32,3.65,3.1,2.24,3.43,2.87,2.38,3.6,3.25,2.25,3.5,3
Sweden,Allsvenskan,2025,30/08/2025,14:00,Brommapojkarna,Elfsborg,3,0,H,2.45,3.67,2.76,2.4,3.85,2.85,2.29,3.61,2.68,2.38,3.85,3,2.2,3.8,2.7
Sweden,Allsvenskan,2025,30/08/2025,14:00,Goteborg,Varnamo,1,0,H,1.46,5.21,5.88,1.45,5.5,6,1.41,4.87,5.9,1.48,5.4,6.6,1.36,5.5,6
Sweden,Allsvenskan,2025,30/08/2025,16:30,Mjallby,Halmstad,1,0,H,1.46,4.65,6.77,1.44,5.1,7.5,1.39,4.56,6.83,1.46,5,8.2,1.33,5,6
Sweden,Allsvenskan,2025,31/08/2025,13:00,AIK,Sirius,2,1,H,1.79,3.85,4.38,1.88,3.85,4.5,1.77,3.62,4.09,1.85,3.9,4.7,1.72,3.8,4
Sweden,Allsvenskan,2025,31/08/2025,13:00,Malmo FF,Degerfors,1,1,D,1.34,5.35,8.96,1.3,6,10,1.27,5.38,9.2,1.29,6.2,13.5,1.24,6,8
Sweden,Allsvenskan,2025,31/08/2025,13:00,Norrkoping,Djurgarden,0,4,A,4.09,3.97,1.83,4.25,4.1,1.77,3.97,3.91,1.73,4.5,4.2,1.79,4.1,4.1,1.67
Sweden,Allsvenskan,2025,31/08/2025,15:30,GAIS,Hacken,2,1,H,1.82,4.15,3.95,1.95,4.1,3.8,1.88,3.69,3.56,2.02,3.85,3.9,1.91,3.8,3.6
Sweden,Allsvenskan,2025,31/08/2025,15:30,Hammarby,Oster,4,0,H,1.36,5.11,8.47,1.38,5.3,8.5,1.35,4.86,7.4,1.41,5.4,8.8,1.37,5,7
Sweden,Allsvenskan,2025,13/09/2025,14:00,Degerfors,Mjallby,0,1,A,4.38,3.74,1.82,4.7,4,1.75,4.43,3.71,1.7,4.9,3.95,1.83,4.5,3.9,1.66
Sweden,Allsvenskan,2025,13/09/2025,16:30,Halmstad,Norrkoping,1,1,D,2.88,3.24,2.59,2.75,3.3,2.66,2.67,3.21,2.5,2.84,3.45,2.7,2.75,3.2,2.5
Sweden,Allsvenskan,2025,14/09/2025,13:00,Djurgarden,Hammarby,3,3,D,2.59,3.55,2.67,3,3.5,2.45,2.76,3.31,2.36,3,3.6,2.52,3,3.25,2.35
Sweden,Allsvenskan,2025,14/09/2025,13:00,Oster,Varnamo,4,3,H,2.19,3.67,3.17,2.2,3.5,3.3,2.12,3.44,3.05,2.22,3.7,3.35,2.1,3.4,3.3
Sweden,Allsvenskan,2025,14/09/2025,15:30,Elfsborg,Malmo FF,2,2,D,3.76,3.68,1.97,3.8,3.6,2,3.53,3.53,1.94,3.9,3.75,2.06,3.7,3.6,1.96
Sweden,Allsvenskan,2025,14/09/2025,15:30,Sirius,GAIS,3,0,H,2.92,3.57,2.38,2.83,3.6,2.38,2.7,3.49,2.32,2.88,3.8,2.5,2.82,3.4,2.3
Sweden,Allsvenskan,2025,15/09/2025,18:00,AIK,Brommapojkarna,2,1,H,1.65,3.92,5.42,1.8,3.75,5.1,1.7,3.6,4.56,1.8,3.85,5.1,1.76,3.7,4.1
Sweden,Allsvenskan,2025,15/09/2025,18:10,Hacken,Goteborg,1,2,A,2.23,4.12,2.83,2.28,4.2,2.85,2.22,3.75,2.71,2.32,4.2,2.96,2.15,3.9,2.7
Sweden,Allsvenskan,2025,20/09/2025,14:00,GAIS,Elfsborg,2,0,H,1.87,3.81,4.06,2.25,3.65,3.4,2.09,3.39,3.2,2.26,3.6,3.5,2.15,3.4,3.1
Sweden,Allsvenskan,2025,20/09/2025,14:00,Malmo FF,Djurgarden,0,1,A,1.81,3.87,4.27,1.8,3.85,4.5,1.74,3.63,4.24,1.82,4,4.9,1.71,3.7,4.5
Sweden,Allsvenskan,2025,20/09/2025,16:30,Mjallby,Oster,1,1,D,1.53,4.34,6.14,1.5,4.6,7,1.46,4.23,6.16,1.53,4.6,7.6,1.46,4.2,6
Sweden,Allsvenskan,2025,21/09/2025,13:00,Goteborg,Brommapojkarna,0,1,A,1.73,4.23,4.34,1.73,4.2,4.4,1.68,3.93,4.26,1.77,4.3,4.7,1.66,4.1,4.33
Sweden,Allsvenskan,2025,21/09/2025,13:00,Hammarby,Hacken,4,0,H,1.59,4.61,4.99,1.67,4.5,4.9,1.6,4.21,4.46,1.69,4.6,4.9,1.57,4.5,4.2
Sweden,Allsvenskan,2025,21/09/2025,15:30,Sirius,Degerfors,1,3,A,1.55,4.59,5.45,1.55,4.8,5.75,1.49,4.39,5.3,1.59,4.9,5.7,1.49,4.75,5
Sweden,Allsvenskan,2025,22/09/2025,18:00,Varnamo,Halmstad,1,2,A,2.32,3.62,2.98,2.42,3.6,3.1,2.21,3.45,2.88,2.38,3.75,3.05,2.1,3.6,3
Sweden,Allsvenskan,2025,22/09/2025,18:10,Norrkoping,AIK,3,1,H,3.97,3.51,1.97,4,3.5,2.1,3.49,3.29,2.02,3.9,3.5,2.14,3.6,3.3,2.05
Sweden,Allsvenskan,2025,27/09/2025,14:00,Elfsborg,Degerfors,1,2,A,1.78,3.84,4.52,2,3.75,3.6,1.94,3.57,3.44,2.08,3.9,3.7,1.91,3.75,3.4
Sweden,Allsvenskan,2025,27/09/2025,16:30,Hacken,Norrkoping,2,0,H,1.65,4.33,4.76,1.66,4.4,4.75,1.61,4.19,4.43,1.67,4.5,5.2,1.56,4.33,4.75
Sweden,Allsvenskan,2025,28/09/2025,13:00,Brommapojkarna,Mjallby,0,1,A,3.45,3.61,2.1,3.5,3.75,2.1,3.31,3.5,2.01,3.7,3.7,2.12,3.5,3.5,2.01
Sweden,Allsvenskan,2025,28/09/2025,13:00,Halmstad,Hammarby,1,0,H,4.58,4.04,1.72,4.9,4.1,1.75,4.46,3.81,1.67,5,4.1,1.77,4.33,3.9,1.68
Sweden,Allsvenskan,2025,28/09/2025,15:30,AIK,GAIS,1,1,D,2.22,3.29,3.47,2.3,3.25,3.25,2.23,3.13,3.12,2.34,3.3,3.55,2.2,3.25,3.2
Sweden,Allsvenskan,2025,28/09/2025,15:30,Malmo FF,Varnamo,3,2,H,1.2,7.17,13.07,1.22,7,13,1.18,6.57,11.57,1.22,8.2,15,1.17,7,12
Sweden,Allsvenskan,2025,29/09/2025,18:00,Djurgarden,Sirius,8,2,H,1.85,4.02,3.89,2.05,3.85,3.66,1.94,3.68,3.34,2.1,3.9,3.6,2.01,3.75,3.2
Sweden,Allsvenskan,2025,29/09/2025,18:10,Oster,Goteborg,0,2,A,3.43,3.88,2.02,3.45,3.75,2.05,3.3,3.52,2,3.6,3.85,2.14,3.4,3.7,1.96
Sweden,Allsvenskan,2025,04/10/2025,14:00,Degerfors,Djurgarden,1,1,D,3.71,3.83,1.94,3.65,3.75,2,3.48,3.59,1.93,3.95,3.75,2.02,3.4,3.6,1.96
Sweden,Allsvenskan,2025,04/10/2025,14:00,Mjallby,Elfsborg,2,0,H,1.79,3.84,4.39,1.78,3.85,4.7,1.72,3.66,4.38,1.83,3.9,4.9,1.71,3.8,4.33
Sweden,Allsvenskan,2025,04/10/2025,14:00,Oster,Halmstad,3,0,H,2.3,3.24,3.35,2.3,3.4,3.4,2.22,3.22,3.1,2.4,3.25,3.5,2.15,3.4,3.2
Sweden,Allsvenskan,2025,04/10/2025,16:30,GAIS,Norrkoping,2,1,H,1.43,4.74,7.18,1.4,5,8.5,1.35,4.65,7.55,1.44,5,8.6,1.37,4.75,7
Sweden,Allsvenskan,2025,05/10/2025,13:00,AIK,Varnamo,2,3,A,1.41,4.98,7.35,1.46,4.7,7,1.43,4.38,6.36,1.51,4.9,7.2,1.45,4.5,5.75
Sweden,Allsvenskan,2025,05/10/2025,13:00,Goteborg,Hammarby,1,2,A,2.9,3.69,2.34,2.75,3.6,2.45,2.66,3.44,2.38,2.84,3.6,2.62,2.65,3.5,2.4
Sweden,Allsvenskan,2025,05/10/2025,15:30,Brommapojkarna,Hacken,1,3,A,3.21,3.82,2.13,3.2,3.75,2.25,2.91,3.62,2.14,3.35,3.8,2.22,3.2,3.75,2.01
Sweden,Allsvenskan,2025,05/10/2025,15:30,Sirius,Malmo FF,5,1,H,2.72,3.7,2.47,2.8,3.66,2.55,2.6,3.44,2.42,2.82,3.85,2.54,2.57,3.4,2.45
Sweden,Allsvenskan,2025,18/10/2025,14:00,Norrkoping,Malmo FF,0,2,A,4.76,4.18,1.68,5,4.2,1.7,4.59,3.91,1.63,5.1,4.2,1.73,5,3.9,1.61
Sweden,Allsvenskan,2025,18/10/2025,16:30,Hacken,Sirius,1,1,D,2.05,3.96,3.31,2.05,4.2,3.3,1.96,3.88,3.15,2.06,4.1,3.55,1.91,4,3.3
Sweden,Allsvenskan,2025,19/10/2025,13:00,GAIS,Djurgarden,3,2,H,2.31,3.31,3.24,2.57,3.45,2.8,2.47,3.23,2.7,2.7,3.4,2.88,2.5,3.2,2.75
Sweden,Allsvenskan,2025,19/10/2025,13:00,Hammarby,AIK,2,1,H,1.66,3.92,5.33,1.7,3.8,5,1.67,3.66,4.69,1.75,4.1,5.3,1.62,3.75,5
Sweden,Allsvenskan,2025,19/10/2025,15:30,Elfsborg,Oster,5,1,H,1.88,4.01,3.83,1.8,4.2,4.1,1.74,3.87,3.95,1.82,4.4,4.4,1.68,4,4.1
Sweden,Allsvenskan,2025,19/10/2025,15:30,Varnamo,Brommapojkarna,1,1,D,2.73,3.83,2.4,2.75,3.8,2.48,2.68,3.62,2.3,2.9,4,2.42,2.75,3.8,2.2
Sweden,Allsvenskan,2025,20/10/2025,18:00,Degerfors,Halmstad,0,1,A,1.93,3.45,4.23,2.05,3.4,4.1,1.95,3.25,3.75,2.08,3.45,4.3,1.96,3.4,3.7
Sweden,Allsvenskan,2025,20/10/2025,18:10,Goteborg,Mjallby,0,2,A,2.86,3.59,2.41,2.88,3.55,2.45,2.81,3.31,2.34,3,3.6,2.52,2.82,3.3,2.35
Sweden,Allsvenskan,2025,25/10/2025,14:00,Djurgarden,Varnamo,6,2,H,1.25,6.1,9.47,1.25,6.75,10,1.22,6.27,9.38,1.26,7.8,11,1.22,6.25,10
Sweden,Allsvenskan,2025,25/10/2025,16:30,Oster,Degerfors,1,2,A,2.37,3.43,2.9,3.1,3.55,2.4,2.87,3.34,2.29,3.25,3.55,2.4,2.95,3.4,2.2
Sweden,Allsvenskan,2025,26/10/2025,13:00,Mjallby,Norrkoping,2,1,H,1.71,3.96,4.42,1.85,3.95,4.2,1.78,3.72,3.95,1.87,4,4.5,1.81,3.9,3.7
Sweden,Allsvenskan,2025,26/10/2025,13:00,Sirius,Elfsborg,4,0,H,2.08,3.86,3.12,1.78,4.33,4.33,1.72,4.05,3.87,1.8,4.5,4.3,1.68,4.33,3.9
Sweden,Allsvenskan,2025,26/10/2025,15:30,AIK,Hacken,2,2,D,2.12,3.45,3.36,2,3.6,3.7,1.94,3.44,3.55,2.06,3.7,3.95,1.96,3.5,3.6
Sweden,Allsvenskan,2025,26/10/2025,15:30,Halmstad,Goteborg,0,3,A,3.68,3.63,1.95,3.75,3.7,1.98,3.54,3.49,1.94,4,3.9,2,3.75,3.6,1.91
Sweden,Allsvenskan,2025,27/10/2025,18:00,Brommapojkarna,GAIS,0,2,A,3.26,3.49,2.15,3.2,3.65,2.16,3.11,3.49,2.1,3.45,3.8,2.2,3.2,3.6,2.1
Sweden,Allsvenskan,2025,27/10/2025,18:10,Malmo FF,Hammarby,1,3,A,2.15,3.51,3.24,2.2,3.5,3.35,2.12,3.35,3.16,2.3,3.65,3.4,2.15,3.4,3.05
Sweden,Allsvenskan,2025,01/11/2025,14:00,Hacken,Malmo FF,1,1,D,,,,2.4,3.9,2.75,2.3,3.74,2.61,2.5,4,2.78,2.25,3.75,2.7
Sweden,Allsvenskan,2025,01/11/2025,16:30,Norrkoping,Sirius,1,2,A,,,,2.75,4.2,2.3,2.66,3.83,2.22,2.94,4.2,2.32,2.75,3.9,2.15
Sweden,Allsvenskan,2025,02/11/2025,13:00,Elfsborg,AIK,0,3,A,,,,2.35,3.75,2.85,2.28,3.55,2.73,2.38,3.85,3,2.25,3.6,2.85
Sweden,Allsvenskan,2025,02/11/2025,13:00,Halmstad,Brommapojkarna,0,0,D,,,,2.88,3.4,2.5,2.79,3.21,2.4,3,3.4,2.62,2.75,3.4,2.32
Sweden,Allsvenskan,2025,02/11/2025,15:30,Djurgarden,Goteborg,0,0,D,,,,1.73,4.2,4.5,1.69,3.95,4.14,1.75,4.5,4.6,1.68,4,4.2
Sweden,Allsvenskan,2025,02/11/2025,15:30,GAIS,Oster,1,1,D,,,,1.44,5,7.5,1.39,4.59,6.78,1.45,5.2,8,1.41,4.75,6.25
Sweden,Allsvenskan,2025,03/11/2025,18:00,Degerfors,Hammarby,1,1,D,,,,3.3,3.75,2.1,3.22,3.56,2.03,3.6,3.8,2.14,3.25,3.6,2.01
Sweden,Allsvenskan,2025,03/11/2025,18:00,Varnamo,Mjallby,0,5,A,,,,6,4.75,1.53,5.46,4.32,1.49,6,4.9,1.56,5.25,4.75,1.49
Sweden,Allsvenskan,2025,09/11/2025,14:00,AIK,Halmstad,0,2,A,,,,1.36,5,9.5,1.33,4.68,8.19,1.38,5.3,10,1.33,4.75,8
Sweden,Allsvenskan,2025,09/11/2025,14:00,Brommapojkarna,Degerfors,1,3,A,,,,3.65,4.2,1.96,3.44,3.73,1.91,3.75,4.1,2,3.4,4.2,1.86
Sweden,Allsvenskan,2025,09/11/2025,14:00,Goteborg,Norrkoping,2,0,H,,,,1.75,4.35,4.6,1.68,4.01,4.2,1.78,4.2,4.7,1.68,4,4.33
Sweden,Allsvenskan,2025,09/11/2025,14:00,Hammarby,Elfsborg,3,0,H,,,,1.57,4.9,6,1.49,4.63,5.08,1.59,5.1,5.5,1.51,4.75,4.75
Sweden,Allsvenskan,2025,09/11/2025,14:00,Malmo FF,GAIS,2,1,H,,,,2,3.9,3.65,1.91,3.68,3.46,2,3.95,3.85,1.86,3.9,3.5
Sweden,Allsvenskan,2025,09/11/2025,14:00,Mjallby,Hacken,1,0,H,,,,1.6,4.35,5.6,1.53,4.18,5.12,1.61,4.8,5.6,1.53,4.33,5
Sweden,Allsvenskan,2025,09/11/2025,14:00,Oster,Djurgarden,1,3,A,,,,3.6,4.2,1.93,3.41,3.85,1.9,3.65,4.3,1.99,3.6,3.9,1.86
Sweden,Allsvenskan,2025,09/11/2025,14:00,Sirius,Varnamo,3,1,H,,,,1.25,7,10.25,1.22,6.51,9.02,1.27,7.6,10,1.22,7,8.5
Sweden,Allsvenskan,2026,04/04/2026,14:00,Degerfors,Sirius,0,3,A,,,,3.6,3.5,2.12,3.37,3.36,2.02,3.7,3.55,2.18,3.6,3.5,1.96
Sweden,Allsvenskan,2026,04/04/2026,14:00,Hammarby,Mjallby,3,0,H,,,,2,3.6,3.8,1.94,3.42,3.57,2.02,3.65,4.1,1.91,3.5,3.8
Sweden,Allsvenskan,2026,05/04/2026,13:00,AIK,Halmstad,2,1,H,,,,1.5,4.75,7.2,1.44,4.21,6.42,1.5,4.8,7.4,1.45,4.75,6
Sweden,Allsvenskan,2026,05/04/2026,13:00,Kalmar,Vasteras SK,0,1,A,,,,2.25,3.4,3.65,2.15,3.11,3.32,2.34,3.25,3.6,2.15,3.4,3.25
Sweden,Allsvenskan,2026,05/04/2026,15:30,Orgryte,Malmo FF,1,1,D,,,,5.8,4.2,1.6,5.31,3.99,1.54,5.9,4.3,1.64,5.5,4,1.53
Sweden,Allsvenskan,2026,06/04/2026,13:00,Elfsborg,Goteborg,2,0,H,,,,2.28,3.3,3.4,2.18,3.18,3.16,2.34,3.35,3.55,2.15,3.3,3.3
Sweden,Allsvenskan,2026,06/04/2026,13:00,Hacken,Brommapojkarna,2,2,D,,,,1.7,4.25,4.8,1.64,3.94,4.44,1.74,4.3,4.9,1.66,4,4.75
Sweden,Allsvenskan,2026,06/04/2026,15:30,GAIS,Djurgarden,0,1,A,,,,2.25,3.3,3.5,2.15,3.18,3.23,2.24,3.35,3.75,2.1,3.3,3.4
Sweden,Allsvenskan,2026,11/04/2026,14:00,Goteborg,Hacken,0,2,A,,,,3,3.4,2.8,2.82,3.23,2.39,3.1,3.5,2.48,3,3.1,2.45
Sweden,Allsvenskan,2026,11/04/2026,14:00,Mjallby,Orgryte,0,2,A,,,,1.36,5.5,9.5,1.31,4.93,8.29,1.35,5.9,10,1.3,5.25,8
Sweden,Allsvenskan,2026,11/04/2026,14:00,Vasteras SK,Elfsborg,2,2,D,,,,3.1,3.5,2.45,2.91,3.12,2.38,3.2,3.25,2.54,3,3,2.45
Sweden,Allsvenskan,2026,12/04/2026,13:00,Djurgarden,Kalmar,3,2,H,,,,1.73,3.9,5.25,1.67,3.66,4.68,1.79,3.9,5.2,1.68,3.6,4.75
Sweden,Allsvenskan,2026,12/04/2026,13:00,Halmstad,Degerfors,0,3,A,,,,3,3.1,2.8,2.84,3.07,2.46,3.2,3.25,2.56,3,3.1,2.35
Sweden,Allsvenskan,2026,12/04/2026,15:30,Malmo FF,GAIS,3,1,H,,,,1.95,4,4.4,1.73,3.74,4.18,1.8,4,4.8,1.68,4,4.2
Sweden,Allsvenskan,2026,13/04/2026,18:00,Brommapojkarna,AIK,2,2,D,,,,4,3.8,1.91,3.72,3.62,1.86,4.1,3.9,1.96,3.6,3.8,1.86
Sweden,Allsvenskan,2026,13/04/2026,18:00,Sirius,Hammarby,2,0,H,,,,2.75,3.55,2.7,2.58,3.38,2.5,2.7,3.6,2.76,2.5,3.4,2.57
Sweden,Allsvenskan,2026,17/04/2026,18:00,Degerfors,Elfsborg,0,1,A,,,,2.6,3.2,2.8,2.52,3.08,2.72,,,,2.55,3.1,2.75
Sweden,Allsvenskan,2026,17/04/2026,18:00,Djurgarden,Malmo FF,0,1,A,,,,2.4,3.55,2.85,2.31,3.41,2.76,,,,2.4,3.4,2.7
Sweden,Allsvenskan,2026,18/04/2026,14:00,Halmstad,Goteborg,1,1,D,,,,3.9,3.5,2,3.7,3.38,1.92,,,,3.9,3.4,1.91
Sweden,Allsvenskan,2026,18/04/2026,14:00,Hammarby,Orgryte,8,1,H,,,,1.29,8,15,1.17,6.95,11.75,,,,1.15,8,11
Sweden,Allsvenskan,2026,18/04/2026,14:00,Mjallby,Brommapojkarna,3,0,H,,,,1.53,4.5,7,1.49,4.1,5.89,,,,1.49,4.2,5.75
Sweden,Allsvenskan,2026,18/04/2026,14:00,Sirius,Vasteras SK,4,1,H,,,,1.7,4.3,6.4,1.51,4.01,5.64,,,,1.46,3.8,5.25
Sweden,Allsvenskan,2026,19/04/2026,13:00,AIK,Kalmar,1,0,H,,,,1.73,3.8,5.3,1.66,3.65,4.78,,,,1.66,3.6,5
Sweden,Allsvenskan,2026,19/04/2026,15:30,Hacken,GAIS,2,1,H,,,,2.05,3.75,3.5,1.99,3.56,3.28,,,,1.96,3.6,3.5
Sweden,Allsvenskan,2026,22/04/2026,18:00,Elfsborg,Djurgarden,2,1,H,,,,3,3.35,2.4,2.89,3.24,2.33,,,,3,3.3,2.32
Sweden,Allsvenskan,2026,22/04/2026,18:00,Hammarby,Halmstad,1,1,D,,,,1.23,6.5,14,1.2,6.07,11.57,,,,1.19,6.25,11
Sweden,Allsvenskan,2026,22/04/2026,18:00,Orgryte,Brommapojkarna,1,2,A,,,,3.25,3.6,2.15,3.13,3.51,2.08,,,,3.2,3.6,2.05
Sweden,Allsvenskan,2026,22/04/2026,18:00,Vasteras SK,Hacken,3,3,D,,,,3,3.6,2.25,2.93,3.46,2.2,,,,3,3.5,2.2
Sweden,Allsvenskan,2026,23/04/2026,18:00,Degerfors,AIK,2,1,H,,,,3.05,3.35,2.57,2.83,3.15,2.4,,,,2.82,3.2,2.45
Sweden,Allsvenskan,2026,23/04/2026,18:00,GAIS,Mjallby,0,0,D,,,,2.66,3.25,2.75,2.56,3.17,2.66,,,,2.45,3.25,2.75
Sweden,Allsvenskan,2026,23/04/2026,18:00,Kalmar,Goteborg,1,1,D,,,,2.35,3.45,3,2.29,3.3,2.88,,,,2.3,3.4,2.85
Sweden,Allsvenskan,2026,23/04/2026,18:00,Malmo FF,Sirius,2,3,A,,,,2.42,3.55,2.75,2.38,3.44,2.67,,,,2.35,3.5,2.7
Sweden,Allsvenskan,2026,26/04/2026,13:00,Djurgarden,Hammarby,1,1,D,,,,3.25,3.45,2.25,3.05,3.33,2.16,,,,3.25,3.3,2.15
Sweden,Allsvenskan,2026,26/04/2026,15:30,Brommapojkarna,Vasteras SK,1,2,A,,,,2.28,3.5,3.5,2.16,3.32,3.08,,,,2.1,3.25,3.5
Sweden,Allsvenskan,2026,26/04/2026,15:30,Goteborg,GAIS,2,2,D,,,,2.7,3.4,2.62,2.58,3.29,2.51,,,,2.65,3.3,2.55
Sweden,Allsvenskan,2026,27/04/2026,18:00,AIK,Malmo FF,0,1,A,,,,2.2,3.4,3.35,2.11,3.28,3.19,,,,2.1,3.4,3.3
Sweden,Allsvenskan,2026,27/04/2026,18:00,Hacken,Sirius,2,2,D,,,,3.1,3.75,2.17,2.96,3.58,2.1,,,,3.1,3.6,2.1
Sweden,Allsvenskan,2026,27/04/2026,18:00,Kalmar,Elfsborg,2,1,H,,,,2.6,3.25,3,2.42,3.13,2.79,,,,2.35,3.25,2.85
Sweden,Allsvenskan,2026,27/04/2026,18:00,Mjallby,Halmstad,2,0,H,,,,1.38,4.75,9.5,1.35,4.52,7.75,,,,1.33,4.5,9.5
Sweden,Allsvenskan,2026,27/04/2026,18:00,Orgryte,Degerfors,1,1,D,,,,3.5,3.45,2.15,3.3,3.32,2.05,,,,3.5,3.3,2.05
Sweden,Allsvenskan,2026,02/05/2026,14:00,Degerfors,Hacken,1,1,D,,,,3.2,3.4,2.35,3,3.24,2.24,,,,3.2,3.25,2.2
Sweden,Allsvenskan,2026,02/05/2026,14:00,Sirius,Kalmar,3,2,H,,,,1.47,4.75,7,1.43,4.36,6.17,,,,1.42,4.75,6
Sweden,Allsvenskan,2026,03/05/2026,13:00,Hammarby,Vasteras SK,3,0,H,,,,1.36,5.4,9,1.31,5.03,7.75,,,,1.3,5.25,7.5
Sweden,Allsvenskan,2026,03/05/2026,13:00,Malmo FF,Mjallby,2,3,A,,,,2.65,3.4,2.8,2.53,3.25,2.59,,,,2.57,3.4,2.57
Sweden,Allsvenskan,2026,03/05/2026,15:30,Elfsborg,AIK,1,1,D,,,,2.75,3.25,2.63,2.66,3.16,2.51,,,,2.75,3.2,2.5
Sweden,Allsvenskan,2026,03/05/2026,15:30,GAIS,Orgryte,4,0,H,,,,1.5,4.5,6.1,1.46,4.3,5.78,,,,1.46,4.5,5.75
Sweden,Allsvenskan,2026,04/05/2026,18:00,Djurgarden,Goteborg,6,0,H,,,,1.65,4.1,5,1.6,3.86,4.82,,,,1.57,4.1,5
Sweden,Allsvenskan,2026,04/05/2026,18:00,Halmstad,Brommapojkarna,1,3,A,,,,3,3.3,2.5,2.85,3.17,2.37,,,,3,3.2,2.35
Sweden,Allsvenskan,2026,08/05/2026,18:00,Elfsborg,Brommapojkarna,2,0,H,,,,1.85,3.6,4.33,1.79,3.48,4.07,1.9,3.8,4.7,1.76,3.5,4.33
Sweden,Allsvenskan,2026,09/05/2026,14:00,Degerfors,Mjallby,1,4,A,,,,3.85,3.3,2.15,3.45,3.19,2.06,3.8,3.5,2.18,3.5,3.2,2.05
Sweden,Allsvenskan,2026,09/05/2026,14:00,Goteborg,Hammarby,0,1,A,,,,5.6,4.33,1.6,5.23,4.06,1.54,5.7,4.4,1.64,5.5,3.9,1.56
Sweden,Allsvenskan,2026,09/05/2026,14:00,Vasteras SK,GAIS,0,1,A,,,,3.2,3.4,2.25,3.04,3.33,2.17,3.3,3.55,2.34,3.2,3.3,2.2
Sweden,Allsvenskan,2026,10/05/2026,13:00,AIK,Djurgarden,2,4,A,,,,2.71,3.4,2.55,2.63,3.31,2.45,2.84,3.6,2.7,2.65,3.4,2.45
Sweden,Allsvenskan,2026,10/05/2026,13:00,Kalmar,Halmstad,2,0,H,,,,1.7,3.75,5.5,1.63,3.6,5.06,1.71,3.9,6,1.62,3.7,5
Sweden,Allsvenskan,2026,10/05/2026,15:30,Hacken,Malmo FF,3,2,H,,,,2.14,3.65,3.3,2.05,3.5,3.13,2.16,3.8,3.5,2.01,3.6,3.3
Sweden,Allsvenskan,2026,11/05/2026,18:00,Sirius,Orgryte,2,0,H,,,,1.2,7.5,14,1.17,6.76,11.47,1.23,8,14.5,1.15,7.5,12
Sweden,Allsvenskan,2026,16/05/2026,14:00,GAIS,Degerfors,1,1,D,,,,1.7,3.75,5.4,1.65,3.48,4.99,1.79,3.75,5.6,1.66,3.5,5.25
Sweden,Allsvenskan,2026,16/05/2026,14:00,Halmstad,Elfsborg,1,1,D,,,,3.9,3.35,2.1,3.6,3.27,1.95,4,3.45,2.14,3.6,3.3,2.01
Sweden,Allsvenskan,2026,17/05/2026,13:00,Brommapojkarna,Kalmar,1,0,H,,,,2.71,3.5,2.55,2.62,3.31,2.42,2.94,3.5,2.64,2.65,3.5,2.4
Sweden,Allsvenskan,2026,17/05/2026,13:00,Hammarby,Malmo FF,4,1,H,,,,1.46,5,7,1.4,4.64,6.19,1.43,5.5,7.8,1.41,5,6
Sweden,Allsvenskan,2026,17/05/2026,15:30,Mjallby,Hacken,0,1,A,,,,2.38,3.5,2.95,2.27,3.34,2.79,2.42,3.7,3.1,2.35,3.3,2.75
Sweden,Allsvenskan,2026,17/05/2026,15:30,Vasteras SK,AIK,1,1,D,,,,3.33,3.4,2.2,3.19,3.28,2.09,3.6,3.6,2.22,3.3,3.3,2.1
Sweden,Allsvenskan,2026,18/05/2026,18:00,Djurgarden,Sirius,2,3,A,,,,2.2,3.9,3.1,2.1,3.62,2.92,2.22,4,3.25,2.1,3.9,3
Sweden,Allsvenskan,2026,19/05/2026,14:00,Orgryte,Goteborg,2,3,A,,,,4.1,3.8,1.81,3.93,3.64,1.76,4.4,4,1.88,4.1,3.8,1.71
Sweden,Allsvenskan,2026,20/05/2026,18:00,GAIS,Hammarby,2,0,H,,,,3.2,3.4,2.25,3.05,3.27,2.17,3.3,3.5,2.36,3.1,3.4,2.2
Sweden,Allsvenskan,2026,21/05/2026,18:00,Elfsborg,Mjallby,1,1,D,,,,2.2,3.4,3.66,2.12,3.16,3.25,2.22,3.4,3.7,2.05,3.4,3.5
Sweden,Allsvenskan,2026,22/05/2026,18:00,Djurgarden,Brommapojkarna,1,2,A,,,,1.5,4.75,6.8,1.43,4.43,6,1.5,4.9,7.2,1.46,4.75,5.5
Sweden,Allsvenskan,2026,23/05/2026,14:00,Halmstad,Orgryte,2,0,H,,,,2.05,3.5,3.7,1.98,3.42,3.37,2.1,3.85,3.65,1.91,3.5,3.7
Sweden,Allsvenskan,2026,23/05/2026,14:00,Kalmar,Degerfors,2,1,H,,,,1.93,3.5,4.2,1.85,3.31,4.01,1.98,3.6,4.4,1.86,3.5,4.1
Sweden,Allsvenskan,2026,24/05/2026,13:00,Hammarby,AIK,1,2,A,,,,1.5,4.5,7,1.43,4.36,6.05,1.51,4.9,6.8,1.45,4.5,5.75
Sweden,Allsvenskan,2026,24/05/2026,13:00,Sirius,GAIS,2,1,H,,,,1.73,4,4.6,1.68,3.75,4.31,1.81,4.1,4.7,1.66,3.9,4.5
Sweden,Allsvenskan,2026,24/05/2026,15:30,Malmo FF,Vasteras SK,2,3,A,,,,1.73,3.8,4.5,1.7,3.66,4.31,1.79,4,4.8,1.68,3.75,4.5
Sweden,Allsvenskan,2026,25/05/2026,18:00,Elfsborg,Hacken,1,1,D,,,,2.82,3.5,2.5,2.67,3.36,2.37,2.84,3.7,2.58,2.82,3.5,2.3
Sweden,Allsvenskan,2026,25/05/2026,18:00,Goteborg,Mjallby,1,1,D,,,,2.5,3.3,3,2.41,3.19,2.75,2.62,3.45,3,2.3,3.3,3
Sweden,Allsvenskan,2026,29/05/2026,18:00,Orgryte,Elfsborg,2,2,D,,,,4.75,4,1.85,4.29,3.68,1.7,5.1,4,1.77,4.75,4,1.62
Sweden,Allsvenskan,2026,30/05/2026,14:00,AIK,Sirius,0,3,A,,,,3.45,3.75,2.05,3.24,3.6,1.96,3.6,3.9,2.12,3.3,3.75,1.96
Sweden,Allsvenskan,2026,30/05/2026,14:00,GAIS,Kalmar,3,0,H,,,,2.1,3.55,3.45,2.03,3.33,3.28,2.18,3.7,3.65,2.05,3.4,3.3
Sweden,Allsvenskan,2026,30/05/2026,14:00,Malmo FF,Halmstad,5,2,H,,,,1.53,4.33,6.25,1.48,4.13,5.7,1.55,4.6,6.6,1.49,4.33,5.5
Sweden,Allsvenskan,2026,31/05/2026,13:00,Degerfors,Brommapojkarna,2,2,D,,,,2.25,3.4,3.25,2.15,3.21,3.12,2.3,3.45,3.5,2.15,3.4,3.2
Sweden,Allsvenskan,2026,31/05/2026,13:00,Hacken,Hammarby,3,2,H,,,,3,3.8,2.25,2.86,3.59,2.14,3.1,4,2.28,3,3.6,2.15
Sweden,Allsvenskan,2026,31/05/2026,13:00,Vasteras SK,Goteborg,4,5,A,,,,2.6,3.5,2.62,2.51,3.28,2.54,2.74,3.55,2.78,2.55,3.5,2.55
